{
    "name": "Plane.025Geometry.1",
    "materials": [{
        "blending": "NormalBlending",
        "DbgIndex": 0,
        "DbgName": "flower",
        "visible": true,
        "shading": "phong",
        "depthTest": true,
        "colorDiffuse": [0.64,0.64,0.64],
        "wireframe": false,
        "specularCoef": 50,
        "depthWrite": true,
        "colorEmissive": [0,0,0],
        "colorSpecular": [0.01,0.01,0.01],
        "transparent": false,
        "DbgColor": 15658734,
        "opacity": 1
    }],
    "uvs": [[0.728954,0.375348,0.728954,0.541676,0.486445,0.541676,0.486445,0.375348,0.971463,0.375348,0.971463,0.541676]],
    "vertices": [1.47491,-0.888895,-3.57979,-6.90891,-1.14462,3.04828,1.84262,3.14222,-2.50135,-6.33429,1.83994,4.18511,2.54535,-0.48242,1.855,-7.53085,-1.14777,-0.700543,2.48754,3.80641,1.24783,-7.93971,1.51305,0.322148,-2.1726,-1.00348,0.092856,-1.77881,3.41334,1.18016,-2.01878,-0.795451,-0.395163,-2.3973,3.00549,0.517526,-2.299,-0.792383,-4.41592,-0.351086,-0.346613,4.37527,-0.729021,2.91319,-3.7151,1.11633,3.61406,5.04988,-1.35521,-0.611505,4.9212,-1.8881,-0.65276,-3.96513,-2.84712,2.46568,4.95946,-3.43639,2.06117,-4.3967,-1.27102,-0.822958,-0.235225,0.178924,4.04503,0.375411,-1.89278,-0.634781,0.423452,-3.3848,2.73139,0.141048,2.17751,-0.792023,3.17497,-8.79305,-1.15935,3.46885,1.74158,3.18684,4.40927,-9.24226,1.59585,4.70938,-0.547942,-1.00879,8.79215,-6.55201,-1.10983,0.161046,-0.134468,2.33486,8.46881,-7.63511,1.5381,0.670029,-3.07959,-0.948261,3.73671,-3.5834,2.98721,4.98964,-2.60441,-0.705578,3.41776,-3.56883,2.94031,3.96385,-0.16638,-0.572362,0.207951,-4.90757,-0.917039,9.16881,0.529217,3.61028,1.68321,-4.01864,1.88321,10.8172,-6.05975,-1.01869,8.81627,-0.136707,-0.425392,0.741742,-7.28185,1.51835,7.76723,-1.02945,2.71703,-0.382121,-2.16194,-0.813758,4.07969,-1.41939,3.52221,5.65853,-3.13282,-0.633947,4.23897,-4.02998,2.88897,3.01178,3.94028,-1.1782,-6.00657,-6.576,-0.986028,-6.38076,3.51626,2.56854,-4.99343,-7.18652,1.8097,-5.49081,1.04129,-0.389144,-0.92533,-4.99704,-1.14517,-10.0939,1.44401,3.65924,-1.49038,-5.98349,1.65619,-9.71359,-1.46152,-0.964136,-5.53819,-1.82535,3.13441,-4.4714,-1.01055,-0.752732,-5.82116,-1.90394,2.94847,-5.49419,1.54117,-1.17847,-9.60813,-2.75233,-0.642637,-0.973519,2.39444,2.14594,-8.13463,-1.9349,3.07308,0.365918,-3.87548,-0.872233,-1.31669,1.57478,-1.03245,-8.99701,-5.01079,1.77519,-2.39695,0.627738,1.44721,-10.8326,-0.530332,-0.814424,-5.1311,0.249705,3.75297,-3.70502,-1.45695,-0.603387,-5.05465,-2.45612,2.81623,-6.60304,-0.072883,-0.750337,-0.140699,-8.21181,-1.17603,-7.32821,-1.07758,2.82889,0.321654,-9.72415,1.59976,-7.14334,-5.78493,-0.917886,1.93646,-4.87772,-1.09545,-8.79937,-4.90814,2.22288,1.66651,-6.00018,1.66446,-9.25972,-4.44792,-1.04859,-3.30403,-5.61512,2.41113,-2.93425,-3.87654,-0.837484,-3.19869,-4.93429,2.54148,-3.62682,0.045723,-0.613768,-3.95564,-9.33774,-0.891274,-0.817119,-0.30039,3.15862,-2.43637,-9.72375,1.80556,0.877465,-9.98439,-0.97017,-1.82868,-0.275744,-0.465712,-3.50092,-10.2227,1.43898,-3.54176,-0.219687,2.50619,-5.26485,-3.96093,-0.994201,-2.44801,-4.29528,2.67248,-0.940249,-4.80567,-0.800171,-3.02259,-4.78191,2.61955,-4.73133,-1.43895,-0.936363,3.55523,7.76976,-1.08804,-2.11046,-1.70917,2.72513,2.39484,7.30875,2.12861,-3.30937,-1.82318,-0.795776,-2.02022,7.94736,-1.00345,1.68639,-1.92128,2.67459,-1.40561,8.4681,1.9906,0.717248,2.65171,-0.700018,0.25355,2.31236,4.19698,-0.846885,2.43247,-0.430768,0.725972,2.84862,4.0984,-0.116544,2.236,-0.560035,4.79202,1.32326,-0.401845,-4.1585,0.671468,3.58876,3.9589,-0.136569,2.98351,-5.03224,2.33777,-0.553356,-4.46208,1.87158,-0.381923,4.29509,3.86357,2.61881,-4.45043,3.30236,2.93819,4.95824,1.70776,-0.563898,0.473854,0.256372,4.0027,-0.26995,2.40454,-0.281367,-0.108805,3.78665,3.98698,0.369768,-1.32371,-0.99167,-3.30293,9.69989,-1.15645,-2.30287,-0.833687,2.50794,-4.40993,10.2922,1.63176,-3.48178,2.08992,-1.01114,-8.47277,7.06581,-0.910101,0.711796,1.60365,2.14471,-8.20709,8.20243,2.0484,0.334339,3.98665,-0.854266,-3.2401,4.60922,3.21252,-4.39952,3.46657,-0.577242,-2.97726,4.45642,3.37469,-3.38657,0.659837,-0.495703,-0.099712,6.19823,-0.835006,-8.00956,0.055379,3.19969,-1.59897,5.82686,1.88132,-10.1634,7.30381,-0.989513,-7.60705,0.689531,-0.377555,-0.631325,8.70732,1.51865,-6.74976,1.37415,3.43765,0.630586,3.0477,-0.701465,-3.60307,2.47239,3.56084,-5.21852,4.05069,-0.50048,-3.68101,4.80002,3.55972,-2.40193,-4.32703,-1.2172,5.88797,6.59455,-1.10723,7.55216,-3.68218,2.18108,4.75822,6.98937,2.14531,6.43199,-0.672368,-0.518986,0.882886,4.32564,-1.13948,10.7183,-1.19995,3.24742,1.42595,5.33048,1.7268,10.4815,1.28242,-0.83203,5.8014,1.66629,3.97739,4.83401,0.799619,-0.615063,6.04052,1.64166,3.61821,5.85957,-2.13693,-1.04615,9.50112,3.08875,-0.149645,1.39757,-2.85014,2.17109,7.98441,2.36829,4.07073,-0.016466,4.18261,-0.438436,1.87227,-2.11005,-0.931157,8.92611,5.11231,2.86523,3.10339,-1.3616,1.50107,10.805,0.400015,-0.693103,5.2905,-0.289465,4.11541,3.81926,1.32167,-0.408317,5.3288,2.08373,3.33993,7.0191,0.529485,-0.686542,0.234562,8.17843,-1.18924,8.72288,1.50661,3.46334,-0.069175,9.36898,1.61186,8.34636,6.50258,-0.717142,-1.14353,4.3503,-1.06769,9.4268,5.54114,3.08979,-0.981713,5.39515,1.75384,10.0397,4.51844,-0.797306,3.91857,5.63653,3.4027,3.69115,3.94891,-0.50103,3.75183,4.86232,3.54626,4.30744,-0.044302,-0.501702,4.04727,9.73415,-0.817708,2.01743,0.398435,3.72256,2.61456,10.3169,2.02318,0.379952,10.2567,-0.937932,3.09834,0.320832,-0.311618,3.6352,10.2908,1.56807,4.82768,0.014043,2.89479,5.44881,4.1319,-0.649896,3.01174,4.55124,3.98365,1.55501,4.90644,-0.468436,3.68323,4.61082,3.40219,5.41815],