{
    "name": "CubeGeometry.3",
    "materials": [{
        "blending": "NormalBlending",
        "DbgIndex": 0,
        "DbgName": "Material",
        "visible": true,
        "shading": "phong",
        "depthTest": true,
        "colorDiffuse": [0.64,0.64,0.64],
        "wireframe": false,
        "specularCoef": 50,
        "colorAmbient": [0.64,0.64,0.64],
        "depthWrite": true,
        "colorEmissive": [0,0,0],
        "colorSpecular": [0.5,0.5,0.5],
        "transparent": false,
        "DbgColor": 15658734,
        "opacity": 1
    }],
    "uvs": [],
    "vertices": [-0.557017,0.386563,0.127222,0.349933,0.416339,-0.115869,0.12824,0.078831,-0.038562,-0.363744,0.816141,-0.005431,0.107269,0.809035,-0.04374,-0.414327,0.14372,-0.050645,-0.238891,0.016312,-0.029893,-0.079251,0.004592,-0.08976,0.271616,0.374562,0.151509,-0.053666,0.120749,0.157391,-0.494816,0.369374,-0.133664,0.00157,0.552209,-0.170045,-0.355772,0.764727,-0.116555,-0.136814,0.551771,0.189008,0.242989,0.724988,0.136183,-0.375775,0.76979,0.12915,0.3785,0.627617,0.05118,-0.53751,0.669922,-0.09529,0.373704,0.376415,0.062738,-0.552787,0.678617,0.093035,-0.619394,0.466666,-0.036799,0.320706,0.669922,-0.09529,-0.107145,-0.008886,0.084354,-0.3557,0.140668,0.119555,-0.103249,0.7367,-0.011348,0.176788,0.798893,0.09067,0.23102,0.216801,0.112886,-0.111567,0.273954,-0.172211],
    "normals": [-0.68749,-0.25605,0.679525,-0.723594,0.471389,0.504135,-0.964538,-0.100253,-0.244087,0.706748,-0.185278,-0.68273,0.599292,0.49321,-0.630512,0.90408,0.331156,0.270119,0.175512,0.891903,0.4167,0.04004,0.996918,-0.067141,-0.021149,0.90405,-0.426862,0.037935,0.228706,-0.972747,-0.091281,0.643239,-0.760155,-0.636952,-0.674276,-0.373669,-0.468062,-0.217627,-0.856471,0.089938,-0.786676,-0.610736,-0.41905,-0.874447,-0.244362,0.08301,-0.348888,0.93347,-0.463607,-0.553911,0.691519,-0.002869,-0.165258,-0.986236,0.420545,0.490738,0.763054,-0.014008,0.228523,0.973418,0.412854,-0.118442,0.903043,-0.112461,0.683828,0.720908,-0.64629,0.448988,-0.616993,0.912351,-0.292734,0.286142,0.573779,-0.568651,0.589373,0.02472,-0.882473,0.469649,0.568834,-0.771569,-0.284707,-0.120823,0.991363,-0.0506],
    "faces": [34,0,19,20,0,0,1,2,34,1,21,16,0,3,4,5,34,21,25,16,0,4,6,5,34,24,4,11,0,7,8,9,34,24,11,12,0,7,9,10,34,5,10,7,0,11,12,13,34,6,5,7,0,14,11,13,34,9,0,23,0,15,0,16,34,11,27,10,0,9,17,12,34,14,25,13,0,18,6,19,34,14,13,8,0,18,19,20,34,15,19,0,0,21,1,0,34,14,8,16,0,18,20,5,34,11,21,1,0,9,4,3,34,17,20,19,0,22,2,1,34,18,16,8,0,23,5,20,34,8,26,18,0,20,24,23,34,1,27,11,0,3,17,9,34,20,17,10,0,2,22,12,34,22,26,9,0,25,24,15,34,26,8,9,0,24,20,15,34,2,22,7,0,26,25,13,34,22,23,6,0,25,16,14,34,6,7,22,0,14,13,25,34,3,24,12,0,27,7,10,34,4,24,25,0,8,7,6,34,18,1,16,0,23,3,5,34,2,1,18,0,26,3,23,34,17,3,12,0,22,27,10,34,3,17,19,0,27,22,1,34,21,4,25,0,4,8,6,34,4,21,11,0,8,4,9,34,5,20,10,0,11,2,12,34,7,1,2,0,13,3,26,34,9,8,13,0,15,20,19,34,9,13,0,0,15,19,0,34,10,27,7,0,12,17,13,34,12,11,10,0,10,9,12,34,17,12,10,0,22,10,12,34,15,0,13,0,21,0,19,34,26,22,2,0,24,25,26,34,6,23,5,0,14,16,11,34,23,22,9,0,16,25,15,34,23,0,5,0,16,0,11,34,5,0,20,0,11,0,2,34,13,24,15,0,19,7,21,34,24,3,15,0,7,27,21,34,13,25,24,0,19,6,7,34,25,14,16,0,6,18,5,34,19,15,3,0,1,21,27,34,18,26,2,0,23,24,26,34,1,7,27,0,3,13,17],
    "metadata": {
        "uvs": 0,
        "version": 3,
        "normals": 28,
        "faces": 52,
        "vertices": 28,
        "type": "Geometry",
        "generator": "io_three",
        "materials": 1
    }
}