{
    "normals":[0,-0,-1,0,-1,0,-1,-0,0,1e-06,-1,0,1,0,-0,-0,1,1e-06,0,0,1,-1,-0,-0,1,0,-0,-0,1,-0,-0,1,0,-1e-06,1,-0,0,0,1,-0,1,1e-06,0,-1,-1e-06,1e-06,-1,-0,1e-06,-1,0,1e-06,-1,0,0,-0,-1,-0,-0,-1,-0,1,1e-06],
    "name":"CubeGeometry.11",
    "materials":[{
        "shading":"phong",
        "specularCoef":50,
        "DbgName":"Material.001",
        "depthTest":true,
        "depthWrite":true,
        "DbgIndex":0,
        "colorSpecular":[0.5,0.5,0.5],
        "wireframe":false,
        "DbgColor":15658734,
        "visible":true,
        "transparent":false,
        "colorDiffuse":[0.64,0.64,0.64],
        "colorEmissive":[0,0,0],
        "blending":"NormalBlending",
        "opacity":1
    }],
    "uvs":[[0.059529,0.5,0,0.5,0,0,0.059529,0,0.890442,0.825851,0.75,0.825851,0.75,0.5,0.890442,0.5,0,1,0,0.5,0.109558,0.5,0.109558,1,1,0.900625,1,0.966273,0.890442,0.966273,0.890442,0.900625,0.5,0.5,0.5,1,0.390442,1,0.390442,0.5,0.609558,0.900625,0.609558,0.966273,0.5,0.966273,0.5,0.900625,0.786085,0.5,0.786085,0,0.845613,0,0.845613,0.5,0.25,0.5,0.25,1,0.25,1,0.25,0.5,0.609558,0.825851,0.609558,0.5,0.75,0.5,0.75,0.825851,0.75,0.900625,0.75,0.966273,0.422807,0.5,0.422807,0,0.718281,0,0.718281,0.5,0.5,0.825851,0.5,0.5,1,0.5,1,0.825851,0.75,0.966273,0.422807,0.5,0.127332,0.5,0.127332,0,0.422807,0]],
    "vertices":[8.59769,-0,-10.3458,8.59769,0,4.18152,-4.94976,0,4.18152,-4.94975,-0,-10.3458,8.59769,3.51043,-10.3458,8.59769,3.51043,4.18152,-4.94976,3.51043,4.18152,-4.94976,3.51043,-10.3458,8.59769,8.01043,-10.3458,8.59769,8.01043,4.18152,-4.94976,8.01043,-10.3458,-4.94976,8.01043,4.18152,-0.869824,-0,-10.3458,-3.04236,-0,-10.3458,-0.869825,0,4.18152,-3.04236,0,4.18152,-0.869824,3.51043,-10.3458,-3.04236,3.51043,-10.3458,-0.869826,3.51043,4.18152,-3.04236,3.51043,4.18152,-0.869824,8.01043,-10.3458,-3.04236,8.01043,-10.3458,-0.869826,8.01043,4.18152,-3.04236,8.01043,4.18152],
    "metadata":{
        "normals":21,
        "generator":"io_three",
        "vertices":24,
        "uvs":1,
        "version":3,
        "faces":22,
        "materials":1,
        "type":"Geometry"
    },
    "faces":[43,13,3,2,15,0,0,1,2,3,0,0,0,0,43,18,22,9,5,0,4,5,6,7,1,1,1,1,43,0,1,5,4,0,8,9,10,11,2,2,2,2,43,15,2,6,19,0,12,13,14,15,3,3,3,3,43,2,3,7,6,0,16,17,18,19,4,4,4,4,43,17,7,3,13,0,20,21,22,23,5,5,5,5,43,21,23,11,10,0,24,25,26,27,6,6,6,6,43,5,9,8,4,0,10,28,29,11,7,7,7,7,43,7,10,11,6,0,18,30,31,19,8,8,8,8,43,16,4,8,20,0,32,33,34,35,9,9,9,9,43,7,17,21,10,0,21,20,36,37,10,10,10,10,43,17,16,20,21,0,20,32,35,36,11,11,11,11,43,8,9,22,20,0,38,39,40,41,6,6,6,6,43,20,22,23,21,0,41,40,25,24,12,12,12,12,43,12,0,4,16,0,42,43,33,32,13,13,13,13,43,1,14,18,5,0,44,45,4,7,14,14,14,14,43,14,15,19,18,0,45,12,15,4,15,15,15,15,43,6,11,23,19,0,14,46,36,15,16,16,16,16,43,19,23,22,18,0,15,36,5,4,17,17,17,17,43,0,12,14,1,0,47,48,49,50,18,18,18,18,43,12,13,15,14,0,48,0,3,49,19,19,19,19,43,13,12,16,17,0,23,42,32,20,20,20,20,20]
}