{
    "normals":[1,-0,-0],
    "name":"PlaneGeometry.4",
    "materials":[],
    "uvs":[[6.8e-05,0.539439,0.999932,0.539439,0.99993,0.999878,7e-05,0.999878]],
    "vertices":[-0.923471,7.99225,4.15494,-0.923471,-0.001397,4.15494,-0.923471,7.99225,-10.3355,-0.923471,-0.001397,-10.3355],
    "metadata":{
        "normals":1,
        "generator":"io_three",
        "vertices":4,
        "uvs":1,
        "version":3,
        "faces":1,
        "materials":0,
        "type":"Geometry"
    },
    "faces":[43,2,0,1,3,0,2,3,0,1,0,0,0,0]
}