{
    "normals": [-0.577349,-0.577349,0.577349,-0.577349,0.577349,0.577349,-0.577349,0.577349,-0.577349,-0.577349,-0.577349,-0.577349,0.577349,0.577349,-0.577349,0.577349,-0.577349,-0.577349,0.577349,0.577349,0.577349,0.577349,-0.577349,0.577349,0.301492,-0.904508,-0.301492,-0.301492,-0.904508,-0.301492,-0.301492,-0.904508,0.301492,0.301492,-0.904508,0.301492],
    "metadata": {
        "normals": 12,
        "generator": "io_three",
        "materials": 1,
        "faces": 14,
        "uvs": 1,
        "version": 3,
        "type": "Geometry",
        "vertices": 16
    },
    "vertices": [13.3289,4.66141,-1.31276,13.3289,5.38927,-1.31276,13.3289,4.66141,-1.79851,13.3289,5.38927,-1.79851,14.7202,4.66141,-1.31276,14.7202,5.38927,-1.31276,14.7202,4.66141,-1.79852,14.7202,5.38927,-1.79852,13.3804,4.66141,-1.75606,13.3804,4.66141,-1.35522,14.6687,4.66141,-1.75606,14.6687,4.66141,-1.35522,13.3804,5.33449,-1.75606,13.3804,5.33449,-1.35522,14.6687,5.33449,-1.75606,14.6687,5.33449,-1.35522],
    "name": "Cube.008Geometry.1",
    "faces": [43,0,1,3,2,0,0,1,1,0,0,1,2,3,43,2,3,7,6,0,0,1,2,3,3,2,4,5,43,6,7,5,4,0,3,2,2,3,5,4,6,7,43,1,0,4,5,0,1,0,3,2,1,0,7,6,43,4,0,9,11,0,4,5,6,7,7,0,8,9,43,7,3,1,5,0,8,9,10,11,4,2,1,6,43,10,11,15,14,0,3,3,2,2,10,9,3,0,43,2,6,10,8,0,12,13,14,15,3,5,10,11,43,0,2,8,9,0,5,12,15,6,0,3,11,8,43,6,4,11,10,0,13,4,7,14,5,7,9,10,43,12,14,15,13,0,16,17,18,19,7,0,3,5,43,9,8,12,13,0,0,0,1,1,8,11,7,5,43,11,9,13,15,0,3,0,1,2,9,8,5,3,43,8,10,14,12,0,0,3,2,1,11,10,0,7],
    "uvs": [[0.997445,0.639852,0.997445,0.001687,0.000522,0.001687,0.000522,0.639852,0.766178,0.63091,0.015698,0.63091,0.060844,0.606389,0.721032,0.606389,1.07403,0.608718,-0.076589,0.608718,-0.076589,1.03884,1.07403,1.03884,0.015698,0.350365,0.766178,0.350365,0.721032,0.374886,0.060844,0.374886,-0.007372,0.646312,1.00481,0.646312,1.00481,1.00125,-0.007372,1.00125]],
    "materials": [{
        "wireframe": false,
        "visible": true,
        "DbgIndex": 0,
        "depthTest": true,
        "colorDiffuse": [1,1,1],
        "blending": "NormalBlending",
        "colorEmissive": [0,0,0],
        "DbgColor": 15658734,
        "specularCoef": 50,
        "transparent": false,
        "colorSpecular": [0.5,0.5,0.5],
        "DbgName": "Material.001",
        "shading": "phong",
        "depthWrite": true,
        "colorAmbient": [1,1,1],
        "opacity": 1
    }]
}