{
    "name": "Plane.003Geometry.4",
    "skinIndices": [],
    "normals": [0,1,0],
    "materials": [{
        "colorAmbient": [0.64,0.64,0.64],
        "colorDiffuse": [0.64,0.64,0.64],
        "depthWrite": true,
        "specularCoef": 50,
        "colorSpecular": [0.5,0.5,0.5],
        "opacity": 1,
        "DbgColor": 15658734,
        "DbgName": "Material.007",
        "DbgIndex": 0,
        "transparent": false,
        "depthTest": true,
        "colorEmissive": [0,0,0],
        "visible": true,
        "shading": "phong",
        "blending": "NormalBlending",
        "wireframe": false
    }],
    "metadata": {
        "generator": "io_three",
        "materials": 1,
        "version": 3,
        "normals": 1,
        "faces": 14,
        "bones": 0,
        "type": "Geometry",
        "vertices": 32,
        "uvs": 0
    },
    "influencesPerVertex": 2,
    "skinWeights": [],
    "vertices": [-111.888,0.171351,18.4512,30.7918,0.171351,18.4512,-111.888,0.17135,1.81778,30.7918,0.17135,1.81778,-13.0303,0.025595,0.27399,13.2336,0.025595,0.27399,-13.0303,0.025595,-1.08559,13.2336,0.025595,-1.08559,-8.90289,0.025595,0.27399,-6.34783,0.025595,0.27399,-1.28807,0.025595,0.27399,1.24805,0.025595,0.27399,6.15213,0.025595,0.27399,8.85636,0.025595,0.27399,8.85636,0.025595,-1.08559,6.15212,0.025595,-1.08559,1.24805,0.025595,-1.08559,-1.28807,0.025595,-1.08559,-6.34783,0.025595,-1.08559,-8.9029,0.025595,-1.08559,6.15213,0.025595,1.24236,8.85636,0.025595,1.24236,8.85636,0.025595,-2.05396,6.15212,0.025595,-2.05396,-1.28807,0.025595,1.28627,1.24805,0.025595,1.28627,1.24805,0.025595,-2.09787,-1.28807,0.025595,-2.09787,-8.90289,0.025595,1.24634,-6.34783,0.025595,1.24634,-6.34783,0.025595,-2.05794,-8.9029,0.025595,-2.05794],
    "uvs": [],
    "faces": [35,0,1,3,2,0,0,0,0,0,35,13,5,7,14,0,0,0,0,0,35,4,8,19,6,0,0,0,0,0,35,8,9,18,19,0,0,0,0,0,35,9,10,17,18,0,0,0,0,0,35,10,11,16,17,0,0,0,0,0,35,11,12,15,16,0,0,0,0,0,35,12,13,14,15,0,0,0,0,0,35,15,14,22,23,0,0,0,0,0,35,13,12,20,21,0,0,0,0,0,35,17,16,26,27,0,0,0,0,0,35,11,10,24,25,0,0,0,0,0,35,19,18,30,31,0,0,0,0,0,35,9,8,28,29,0,0,0,0,0],
    "bones": []
}