{
    "materials": [{
        "wireframe": false,
        "transparent": false,
        "DbgName": "ston",
        "colorAmbient": [0.8,0.26095,0.112933],
        "DbgColor": 15658734,
        "specularCoef": 1,
        "shading": "phong",
        "colorDiffuse": [0.8,0.26095,0.112933],
        "depthWrite": true,
        "colorEmissive": [0,0,0],
        "blending": "NormalBlending",
        "colorSpecular": [0.01,0.01,0.01],
        "depthTest": true,
        "visible": true,
        "opacity": 1,
        "DbgIndex": 0
    }],
    "name": "Icosphere.013Geometry.6",
    "faces": [42,0,4,9,0,0,1,2,0,1,2,42,1,0,5,0,3,0,4,3,0,4,42,2,1,6,0,5,3,6,5,3,6,42,3,2,7,0,7,5,8,7,5,8,42,4,3,8,0,1,7,9,1,7,9,42,0,9,5,0,0,2,4,0,2,4,42,1,5,6,0,3,4,6,3,4,6,42,2,6,7,0,5,6,8,5,6,8,42,3,7,8,0,7,8,9,7,8,9,42,4,8,9,0,1,9,2,1,9,2,42,5,9,10,0,4,2,10,4,2,10,42,6,5,10,0,6,4,10,6,4,10,42,7,6,10,0,8,6,10,8,6,10,42,8,7,10,0,9,8,10,9,8,10,42,9,8,10,0,2,9,10,2,9,10],
    "normals": [0.684439,0.040193,0.727928,0.890316,-0.065188,-0.450636,0.842372,0.510727,0.171819,-0.478133,0.373486,0.794885,0.248695,0.603717,0.757378,-0.924528,0.298776,-0.236488,-0.632557,0.72866,0.262429,-0.286325,0.086825,-0.954161,-0.552355,0.60268,-0.575884,0.336344,0.550401,-0.764122,0.024934,0.999664,-0.002441],
    "vertices": [1.28917,-0.402791,1.17313,-1.76879,-0.402791,2.30435,-2.26563,-0.402791,0.027407,0.062364,-0.402791,-2.30435,2.2643,-0.402791,-1.59866,0.252648,1.28636,1.61578,-1.64956,1.29464,1.01045,-0.807325,1.28608,-1.38179,1.47594,1.30068,-2.19608,2.26563,1.28679,-0.397471,0.459986,1.88313,-0.341494],
    "metadata": {
        "materials": 1,
        "normals": 11,
        "vertices": 11,
        "version": 3,
        "faces": 15,
        "type": "Geometry",
        "generator": "io_three",
        "uvs": 1
    },
    "uvs": [[0.649536,9.7e-05,0.999903,0.518441,0.666216,0.391301,9.7e-05,0.134372,0.421477,0.268237,9.7e-05,0.677248,0.25682,0.412226,0.639788,0.936817,0.434362,0.617492,0.658945,0.565121,0.505482,0.454904]]
}