{
    "name":"Cube.003Geometry",
    "metadata":{
        "vertices":57,
        "normals":57,
        "faces":48,
        "type":"Geometry",
        "materials":0,
        "version":3,
        "uvs":1,
        "generator":"io_three"
    },
    "uvs":[[0.0001,0.412488,0.069802,0.219509,0.104771,0.24264,0.041934,0.419811,0.196195,0.273508,0.142423,0.437403,0.19974,0.072304,0.223714,0.106453,0.265898,0.166541,0.040848,0.607792,0.0001,0.617668,0.106453,0.776286,0.072304,0.80026,0.137321,0.609817,0.166541,0.734102,0.412488,0.9999,0.219509,0.930198,0.24264,0.895228,0.419811,0.958066,0.273509,0.803804,0.437403,0.857577,0.607792,0.959152,0.617668,0.9999,0.776286,0.893547,0.80026,0.927696,0.609817,0.862678,0.734102,0.833459,0.9999,0.587512,0.930198,0.780491,0.895229,0.75736,0.958066,0.580189,0.803804,0.726491,0.857577,0.562597,0.959152,0.392208,0.9999,0.382332,0.893547,0.223714,0.927696,0.19974,0.862678,0.390183,0.833459,0.265898,0.587512,0.0001,0.780491,0.069802,0.75736,0.104771,0.580189,0.041934,0.726491,0.196195,0.562597,0.142423,0.392208,0.040848,0.382332,0.0001,0.390183,0.137321,0.5,0.5,0.694709,0.534086,0.64958,0.713064,0.465914,0.694709,0.286936,0.64958,0.305291,0.465914,0.35042,0.286936,0.534086,0.305291,0.713064,0.35042]],
    "normals":[-0.57329,0,-0.81933,-0.51558,0.194891,-0.834346,-0.377239,0.141423,-0.91522,-0.410901,0,-0.911649,-0.135655,0.068575,-0.988372,-0.141423,0,-0.989929,-0.372875,0.372875,-0.849635,-0.279702,0.279702,-0.918424,-0.123142,0.123142,-0.98471,-0.377239,-0.141423,-0.91522,-0.51558,-0.194891,-0.834346,-0.279702,-0.279702,-0.918424,-0.372875,-0.372875,-0.849635,-0.135655,-0.068575,-0.988372,-0.123142,-0.123142,-0.98471,0,-0.57329,-0.81933,-0.194891,-0.51558,-0.834346,-0.141423,-0.377239,-0.91522,0,-0.410901,-0.911649,-0.068575,-0.135655,-0.988372,0,-0.141423,-0.989929,0.141423,-0.377239,-0.91522,0.194891,-0.51558,-0.834346,0.279702,-0.279702,-0.918424,0.372875,-0.372875,-0.849635,0.068575,-0.135655,-0.988372,0.123142,-0.123142,-0.98471,0.57329,0,-0.81933,0.51558,-0.194891,-0.834346,0.377239,-0.141423,-0.91522,0.410901,0,-0.911649,0.135655,-0.068575,-0.988372,0.141423,0,-0.989929,0.377239,0.141423,-0.91522,0.51558,0.194891,-0.834346,0.279702,0.279702,-0.918424,0.372875,0.372875,-0.849635,0.135655,0.068575,-0.988372,0.123142,0.123142,-0.98471,0,0.57329,-0.81933,0.194891,0.51558,-0.834346,0.141423,0.377239,-0.91522,0,0.410901,-0.911649,0.068575,0.135655,-0.988372,0,0.141423,-0.989929,-0.141423,0.377239,-0.91522,-0.194891,0.51558,-0.834346,-0.068575,0.135655,-0.988372,0,0,-1,0.049593,0,-0.998749,0.052522,-0.052522,-0.997223,0,-0.049593,-0.998749,-0.052522,-0.052522,-0.997223,-0.049593,0,-0.998749,-0.052522,0.052522,-0.997223,0,0.049593,-0.998749,0.052522,0.052522,-0.997223],
    "vertices":[-1.45948,-0.035394,-0.000384,-1.36183,-0.035394,0.579763,-1.36183,0.035863,-0.000384,-1.36183,-0.035394,-0.58053,-1.26993,0.030924,0.539555,-1.26993,0.030924,-0.540322,-0.006244,-0.035394,-1.45362,-0.58639,-0.035394,-1.35597,-0.006244,0.035863,-1.35597,0.573903,-0.035394,-1.35597,-0.546182,0.030924,-1.26407,0.533695,0.030924,-1.26407,1.44699,-0.035394,-0.000384,1.34935,-0.035394,-0.58053,1.34935,0.035863,-0.000384,1.34935,-0.035394,0.579763,1.25744,0.030924,-0.540322,1.25744,0.030924,0.539555,-0.006244,-0.035394,1.45285,0.573903,-0.035394,1.35521,-0.006244,0.035863,1.35521,-0.58639,-0.035394,1.35521,0.533695,0.030924,1.2633,-0.546182,0.030924,1.2633,-0.006244,0.143101,-0.000384,-0.006244,0.131107,-0.58053,-0.58639,0.131107,-0.000384,-0.006244,0.131107,0.579763,0.573903,0.131107,-0.000384,0.533695,0.119819,-0.540322,-0.546182,0.119819,-0.540322,-0.546182,0.119819,0.539555,0.533695,0.119819,0.539555,-1.07032,-0.035394,1.0637,-0.997088,0.025986,0.99046,-0.997088,0.086307,0.499346,-1.07032,0.095302,-0.000384,-0.997088,0.086307,-0.500114,-0.997088,0.025986,-0.991228,-1.07032,-0.035394,-1.06446,-0.505974,0.086307,-0.991228,-0.006244,0.095302,-1.06446,0.493486,0.086307,-0.991228,0.9846,0.025986,-0.991228,1.05784,-0.035394,-1.06446,0.9846,0.086307,-0.500114,1.05784,0.095302,-0.000384,0.9846,0.086307,0.499346,0.9846,0.025986,0.99046,1.05784,-0.035394,1.0637,0.493486,0.086307,0.99046,-0.006244,0.095302,1.0637,-0.505974,0.086307,0.99046,-0.848701,0.068081,0.842073,-0.848701,0.068081,-0.84284,0.836213,0.068081,0.842073,0.836213,0.068081,-0.84284],
    "faces":[43,0,1,4,2,0,0,1,2,3,0,1,2,3,43,2,4,35,36,0,3,2,4,5,3,2,4,5,43,1,33,34,4,0,1,6,7,2,1,6,7,2,43,4,34,53,35,0,2,7,8,4,2,7,8,4,43,0,2,5,3,0,0,3,9,10,0,3,9,10,43,3,5,38,39,0,10,9,11,12,10,9,11,12,43,2,36,37,5,0,3,5,13,9,3,5,13,9,43,5,37,54,38,0,9,13,14,11,9,13,14,11,43,6,7,10,8,0,15,16,17,18,15,16,17,18,43,8,10,40,41,0,18,17,19,20,18,17,19,20,43,7,39,38,10,0,16,12,11,17,16,12,11,17,43,10,38,54,40,0,17,11,14,19,17,11,14,19,43,6,8,11,9,0,15,18,21,22,15,18,21,22,43,9,11,43,44,0,22,21,23,24,22,21,23,24,43,8,41,42,11,0,18,20,25,21,18,20,25,21,43,11,42,56,43,0,21,25,26,23,21,25,26,23,43,12,13,16,14,0,27,28,29,30,27,28,29,30,43,14,16,45,46,0,30,29,31,32,30,29,31,32,43,13,44,43,16,0,28,24,23,29,28,24,23,29,43,16,43,56,45,0,29,23,26,31,29,23,26,31,43,12,14,17,15,0,27,30,33,34,27,30,33,34,43,15,17,48,49,0,34,33,35,36,34,33,35,36,43,14,46,47,17,0,30,32,37,33,30,32,37,33,43,17,47,55,48,0,33,37,38,35,33,37,38,35,43,18,19,22,20,0,39,40,41,42,39,40,41,42,43,20,22,50,51,0,42,41,43,44,42,41,43,44,43,19,49,48,22,0,40,36,35,41,40,36,35,41,43,22,48,55,50,0,41,35,38,43,41,35,38,43,43,18,20,23,21,0,39,42,45,46,39,42,45,46,43,21,23,34,33,0,46,45,7,6,46,45,7,6,43,20,51,52,23,0,42,44,47,45,42,44,47,45,43,23,52,53,34,0,45,47,8,7,45,47,8,7,43,24,28,29,25,0,48,49,50,51,48,49,50,51,43,25,29,42,41,0,51,50,25,20,51,50,25,20,43,28,46,45,29,0,49,32,31,50,49,32,31,50,43,29,45,56,42,0,50,31,26,25,50,31,26,25,43,24,25,30,26,0,48,51,52,53,48,51,52,53,43,26,30,37,36,0,53,52,13,5,53,52,13,5,43,25,41,40,30,0,51,20,19,52,51,20,19,52,43,30,40,54,37,0,52,19,14,13,52,19,14,13,43,24,26,31,27,0,48,53,54,55,48,53,54,55,43,27,31,52,51,0,55,54,47,44,55,54,47,44,43,26,36,35,31,0,53,5,4,54,53,5,4,54,43,31,35,53,52,0,54,4,8,47,54,4,8,47,43,24,27,32,28,0,48,55,56,49,48,55,56,49,43,28,32,47,46,0,49,56,37,32,49,56,37,32,43,27,51,50,32,0,55,44,43,56,55,44,43,56,43,32,50,55,47,0,56,43,38,37,56,43,38,37],
    "materials":[]
}