{
    "name":"Mesh.006Geometry.2",
    "metadata":{
        "vertices":20,
        "normals":14,
        "faces":31,
        "type":"Geometry",
        "materials":1,
        "version":3,
        "uvs":2,
        "generator":"io_three"
    },
    "uvs":[[0.666667,0.75,1,0.75,1,1,0.666667,1,0.666667,0.25,1,0.25,1,0.5,0.666667,0.5,0,0.25,0.333333,0.25,0.333333,0.5,0,0.5,0,0.75,0.333333,0.75,0.333333,1,0,1,0.333333,0,0.666667,0,0,0,1,0],[0.25,0.666667,0.25,1,0,1,0,0.666667,0.75,0.666667,0.75,1,0.5,1,0.5,0.666667,0.75,0,0.75,0.333333,0.5,0.333333,0.5,0,0.25,0,0.25,0.333333,0,0.333333,0,0,1,0.333333,1,0.666667,1,0,1,1]],
    "normals":[0.016358,0.066378,0.99765,0.032746,0.044374,0.998474,0,0,0.999969,0.016633,-0.06653,0.99762,0.033143,-0.044649,0.998444,0.066042,0.000122,0.997803,0.032991,6.1e-05,0.999451,-0.032746,-0.044374,0.998474,-0.016358,-0.066378,0.99765,-0.032991,-6.1e-05,0.999451,-0.066042,-0.000122,0.997803,-0.033143,0.044649,0.998444,-0.016633,0.06653,0.99762,0,0,1],
    "vertices":[0.002787,-0.001752,0.206139,-0.497083,-0.001752,0.20486,-0.497665,-0.001752,-0.288491,0.002204,-0.001752,-0.287211,-0.497374,-0.001752,-0.04182,0.002496,-0.001752,-0.04054,-0.331042,-0.001752,-0.288064,-0.164419,-0.001752,-0.287638,-0.163836,-0.001752,0.205712,-0.330459,-0.001752,0.205286,-0.330751,0.020314,-0.041393,-0.164127,0.020314,-0.040967,-0.49752,-0.001752,-0.165155,0.00235,-0.001752,-0.163876,-0.164273,-0.001752,-0.164302,-0.330896,-0.001752,-0.164729,-0.497228,-0.001752,0.08152,0.002641,-0.001752,0.082799,-0.163982,-0.001752,0.082373,-0.330605,-0.001752,0.081946],
    "faces":[43,15,12,2,6,0,0,1,2,3,0,1,2,3,0,1,2,2,43,19,16,4,10,0,4,5,6,7,4,5,6,7,3,4,5,6,43,17,18,11,5,0,8,9,10,11,8,9,10,11,7,8,9,10,43,18,19,10,11,0,9,4,7,10,9,4,7,10,8,3,6,9,43,13,14,7,3,0,12,13,14,15,12,13,14,15,11,12,13,13,43,14,15,6,7,0,13,0,3,14,13,0,3,14,12,0,2,13,43,11,10,15,14,0,10,7,0,13,10,7,0,13,9,6,0,12,43,5,11,14,13,0,11,10,13,12,11,10,13,12,10,9,12,11,43,10,4,12,15,0,7,6,1,0,7,6,1,0,6,5,1,0,43,8,9,19,18,0,16,17,4,9,16,17,4,9,13,13,3,8,43,0,8,18,17,0,18,16,9,8,18,16,9,8,13,13,8,7,43,9,1,16,19,0,17,19,5,4,17,19,5,4,13,13,4,3],
    "materials":[{
        "depthTest":true,
        "colorSpecular":[0.5,0.5,0.5],
        "DbgIndex":1,
        "transparent":false,
        "shading":"phong",
        "specularCoef":50,
        "opacity":1,
        "wireframe":false,
        "colorDiffuse":[0.64,0.64,0.64],
        "depthWrite":true,
        "visible":true,
        "DbgName":"leaves",
        "blending":"NormalBlending",
        "DbgColor":15597568,
        "colorEmissive":[0,0,0]
    }]
}