{"vertices": [0.5, 0.121871, 0.5, -0.5, 0.128009, 0.499999, -0.5, 0.125369, -0.5, 0.5, 0.113342, -0.5, 0.5, 0.168244, 0.5, -0.5, 0.194416, 0.499999, 0.5, 0.194214, -0.5, -0.5, 0.194427, -0.5, 0.487776, 0.001796, 0.487776, -0.487776, 0.001796, 0.487776, 0.487776, 0.001796, -0.487776, 0.487776, 0.12513, 0.487776, -0.487776, 0.001796, -0.487776, -0.487776, 0.114745, 0.487775, -0.487776, 0.125603, -0.487776, 0.487776, 0.109066, -0.487776, 0.5, 0.133867, -0.258487, 0.487776, 0.001796, -0.276212, 0.487776, 0.145082, -0.258148, 0.25, 0.119445, 0.5, -0, 0.122685, 0.5, -0.264119, 0.131376, 0.5, -0.25, 0.121209, -0.5, 0, 0.123592, -0.5, 0.25, 0.123781, -0.5, 0.25, 0.164257, 0.5, -0, 0.16246, 0.5, -0.264119, 0.168679, 0.5, -0.25, 0.194556, -0.5, 0, 0.193095, -0.5, 0.25, 0.193996, -0.5, 0.243888, 0.001796, 0.487776, 0, 0.001796, 0.487776, -0.258007, 0.001796, 0.487776, -0.243888, 0.001796, -0.487776, 0, 0.001796, -0.487776, 0.243888, 0.001796, -0.487776, 0.243888, 0.119284, 0.487776, -0, 0.129998, 0.487776, -0.258007, 0.141979, 0.487776, -0.243888, 0.128356, -0.487776, 0, 0.12489, -0.487776, 0.243888, 0.117167, -0.487776, 0.5, 0.196758, -0.263303, 0.217606, 0.162944, -0.199611, -0.011677, 0.164243, -0.041942, -0.206202, 0.161221, 0.193021, 0.5, 0.13416, -0.301177, -0.5, 0.122739, 0.208714, 0.5, 0.19866, -0.307588, -0.5, 0.19415, 0.227447, 0.487776, 0.001796, -0.324321, -0.487776, 0.001796, 0.20284, 0.487776, 0.144766, -0.305986, -0.487776, 0.121183, 0.203906, 0.217748, 0.165782, -0.251868, -0.011677, 0.167212, -0.092629, -0.25, 0.164126, 0.140902, 0.5, 0.112409, 0.34031, -0.5, 0.121084, 0.34031, 0.5, 0.172776, 0.34031, -0.5, 0.197419, 0.34031, 0.487776, 0.001796, 0.331982, -0.487776, 0.001796, 0.331982, 0.487776, 0.124569, 0.331982, -0.487776, 0.119095, 0.331981, 0.25, 0.157798, 0.34031, -0, 0.158473, 0.34031, -0.307917, 0.179278, 0.34031, 0.5, 0.114664, -0.40217, -0.5, 0.126191, -0.40217, 0.5, 0.196228, -0.411881, -0.5, 0.197701, -0.411807, 0.487776, 0.001796, -0.393967, -0.487776, 0.001796, -0.393967, 0.487776, 0.114546, -0.392299, -0.487776, 0.126257, -0.392299, 0.25, 0.19484, -0.358055, 0, 0.195385, -0.314442, -0.25, 0.194836, -0.35807, -0.264119, 0.156127, 0.34031, -0.307917, 0.19183, 0.5, -0.307917, 0.131376, 0.5, -0.301805, 0.141979, 0.487776, -0.301805, 0.001796, 0.487776], "faces": [35, 70, 2, 14, 76, 0, 0, 1, 2, 3, 35, 79, 28, 7, 72, 1, 4, 5, 6, 7, 35, 0, 58, 60, 4, 2, 8, 9, 10, 11, 35, 84, 83, 13, 9, 0, 12, 13, 14, 15, 35, 74, 76, 14, 12, 0, 16, 3, 2, 17, 35, 36, 42, 15, 10, 0, 18, 19, 20, 21, 35, 75, 73, 10, 15, 0, 22, 23, 21, 20, 35, 82, 1, 13, 83, 2, 24, 25, 14, 13, 35, 24, 3, 15, 42, 0, 26, 27, 20, 19, 35, 58, 0, 11, 64, 2, 9, 8, 28, 29, 35, 47, 16, 18, 53, 0, 30, 31, 32, 33, 35, 48, 54, 65, 59, 0, 34, 35, 36, 37, 35, 48, 70, 76, 54, 0, 34, 0, 3, 35, 35, 57, 50, 61, 68, 1, 38, 39, 40, 41, 35, 49, 47, 69, 71, 1, 42, 30, 43, 44, 35, 58, 16, 43, 60, 2, 9, 31, 45, 10, 35, 48, 59, 61, 50, 1, 34, 37, 40, 39, 35, 48, 50, 72, 70, 1, 34, 39, 7, 0, 35, 49, 71, 77, 55, 1, 42, 44, 46, 47, 35, 60, 43, 44, 66, 2, 10, 45, 48, 49, 35, 78, 79, 57, 56, 1, 50, 4, 38, 51, 35, 51, 73, 75, 53, 0, 23, 23, 22, 33, 35, 2, 22, 40, 14, 0, 1, 52, 53, 2, 35, 22, 23, 41, 40, 0, 52, 54, 55, 53, 35, 23, 24, 42, 41, 0, 54, 26, 19, 55, 35, 0, 19, 37, 11, 2, 8, 56, 57, 28, 35, 19, 20, 38, 37, 2, 56, 58, 59, 57, 35, 20, 21, 39, 38, 2, 58, 60, 61, 59, 35, 12, 14, 40, 34, 0, 17, 2, 53, 18, 35, 34, 40, 41, 35, 0, 18, 53, 55, 18, 35, 35, 41, 42, 36, 0, 18, 55, 19, 18, 35, 8, 11, 37, 31, 0, 62, 28, 57, 12, 35, 31, 37, 38, 32, 0, 12, 57, 59, 12, 35, 32, 38, 39, 33, 0, 12, 59, 61, 12, 35, 22, 2, 7, 28, 1, 52, 1, 6, 5, 35, 3, 24, 30, 6, 1, 27, 26, 63, 64, 35, 24, 23, 29, 30, 1, 26, 54, 65, 63, 35, 19, 0, 4, 25, 2, 56, 8, 11, 66, 35, 1, 82, 81, 5, 1, 25, 24, 67, 68, 35, 21, 20, 26, 27, 2, 60, 58, 69, 70, 35, 71, 6, 30, 77, 1, 44, 64, 63, 46, 35, 77, 30, 29, 78, 1, 46, 63, 65, 50, 35, 78, 29, 28, 79, 1, 50, 65, 5, 4, 35, 56, 57, 46, 45, 0, 51, 38, 71, 72, 35, 43, 49, 55, 44, 0, 45, 42, 47, 48, 35, 55, 56, 45, 44, 0, 47, 51, 72, 48, 35, 80, 46, 57, 68, 0, 73, 71, 38, 41, 35, 45, 67, 66, 44, 2, 72, 74, 49, 48, 35, 46, 80, 67, 45, 2, 71, 73, 74, 72, 35, 16, 58, 64, 18, 2, 31, 9, 29, 32, 35, 47, 49, 43, 16, 0, 30, 42, 45, 31, 35, 52, 54, 76, 74, 0, 16, 35, 3, 16, 35, 18, 17, 51, 53, 0, 32, 23, 23, 33, 35, 26, 67, 80, 27, 2, 69, 74, 73, 70, 35, 25, 66, 67, 26, 2, 66, 49, 74, 69, 35, 4, 60, 66, 25, 2, 11, 10, 49, 66, 35, 1, 59, 65, 13, 2, 25, 37, 36, 14, 35, 81, 68, 61, 5, 1, 67, 41, 40, 68, 35, 9, 13, 65, 63, 0, 15, 14, 36, 16, 35, 11, 8, 62, 64, 0, 28, 62, 23, 29, 35, 77, 78, 56, 55, 1, 46, 50, 51, 47, 35, 59, 1, 5, 61, 1, 37, 25, 68, 40, 35, 20, 19, 25, 26, 2, 58, 56, 66, 69, 35, 23, 22, 28, 29, 1, 54, 52, 5, 65, 35, 2, 70, 72, 7, 1, 1, 0, 7, 6, 35, 3, 6, 71, 69, 1, 27, 64, 44, 43, 35, 3, 69, 75, 15, 0, 27, 43, 22, 20, 35, 79, 72, 50, 57, 1, 4, 7, 39, 38, 35, 64, 62, 17, 18, 0, 29, 23, 23, 32, 35, 54, 52, 63, 65, 0, 35, 16, 16, 36, 35, 27, 80, 68, 81, 0, 70, 73, 41, 67, 35, 21, 27, 81, 82, 0, 60, 70, 67, 24, 35, 39, 21, 82, 83, 0, 61, 60, 24, 13, 35, 33, 39, 83, 84, 0, 12, 61, 13, 12, 35, 47, 53, 75, 69, 0, 30, 33, 22, 43], "metadata": {"version": 3, "vertices": 85, "uvs": 0, "type": "Geometry", "faces": 75, "normals": 75, "materials": 3, "generator": "io_three"}, "normals": [-0.71337, -0.700736, 0.002411, -0.606067, -0.597125, -0.525437, -0.317484, -0.931486, -0.177496, -0.719993, -0.69396, -0.001984, 0.026856, 0.99939, 0.02121, 0.003388, 0.703665, -0.710501, -0.580615, 0.571123, -0.580218, -0.690451, 0.72335, 0.003052, 0.493667, -0.612934, 0.616871, 0.442305, -0.896786, 0.008911, 0.685965, 0.727561, 0.007965, 0.572832, 0.584155, 0.574969, 0, 0, 1, 0.027772, -0.79989, 0.599445, -0.505692, -0.759392, 0.409314, -0.707083, 0, 0.707083, -1, 0, 0, -0.707083, 0, -0.707083, 0, 0, -1, -0.013672, -0.591235, -0.80636, 0.374187, -0.802667, -0.46437, 0.707083, 0, -0.707083, 0.698141, -0.702658, 0.137333, 1, 0, 0, 0.039583, -0.723441, 0.68923, -0.63448, -0.554247, 0.538713, -0.016205, -0.561815, -0.827082, 0.574938, -0.524369, -0.62804, 0.072085, -0.954802, 0.288278, 0.431288, -0.902158, -0.008423, 0.515061, -0.850246, 0.10831, 0.405591, -0.913907, -0.015717, 0.397931, -0.917264, -0.015961, 0.492355, -0.859279, 0.138554, -0.74807, -0.663564, -0.007691, -0.739189, -0.673421, -0.006623, -0.800684, -0.599017, -0.004822, -0.840785, -0.541337, 0.000183, 0.087466, 0.995575, 0.033723, -0.679586, 0.733512, -0.009125, -0.673849, 0.738395, -0.02588, 0.216529, 0.975921, -0.025636, 0.675283, 0.734611, 0.065462, 0.716392, -0.694357, 0.068026, 0.70101, 0.712394, 0.031892, 0.671651, 0.740257, 0.029542, 0.000122, 0.997772, 0.06653, 0.001312, 0.993408, 0.114444, -0.030366, 0.998749, 0.039552, -0.030976, 0.999512, 0.000305, 0.03, 0.99707, 0.070315, 0.040834, 0.995727, 0.082766, -0.002106, -0.809137, -0.587573, -0.001953, -0.812006, -0.583605, -0.006256, -0.712149, -0.701987, -0.006287, -0.715018, -0.699026, 0.000916, -0.772088, 0.635487, -0.009339, -0.773583, 0.633595, -0.028108, -0.842708, 0.537614, -0.028199, -0.84225, 0.538316, -0.014405, -0.901425, 0.432661, -0.022309, -0.901486, 0.432173, 0.707083, 0, 0.707083, -0.002136, 0.703513, -0.710654, 0.578906, 0.573107, -0.579974, 0.000336, 0.702933, -0.711234, -0.014313, 0.712729, 0.701285, 0.203101, 0.742027, 0.638813, -0.56859, 0.592425, 0.570666, 0.001801, 0.718406, 0.695608, 0.165532, 0.649312, 0.742271, 0.090732, 0.995148, 0.037629, 0.022187, 0.999237, 0.03177, 0.198584, 0.98001, -0.009278, 0.00296, 0.999908, -0.013184], "uvs": [], "name": "Cube.015Geometry.7", "materials": [{"colorSpecular": [0.1, 0.1, 0.1], "depthTest": true, "shading": "phong", "DbgColor": 15658734, "depthWrite": true, "colorDiffuse": [0.264271, 0.127937, 0.06183], "opacity": 1, "wireframe": false, "colorEmissive": [0, 0, 0], "visible": true, "DbgName": "earth", "blending": "NormalBlending", "specularCoef": 1, "DbgIndex": 0, "transparent": false}, {"colorSpecular": [0.1, 0.1, 0.1], "depthTest": true,