{
    "vertices": [0.5,0.121871,0.5,-0.5,0.128009,0.499999,-0.5,0.125369,-0.5,0.5,0.113342,-0.5,0.5,0.172359,0.5,-0.5,0.173886,0.499999,0.5,0.171964,-0.5,-0.5,0.171991,-0.5,0.487776,0.001796,0.487776,-0.487776,0.001796,0.487776,0.487776,0.001796,-0.487776,0.487776,0.12513,0.487776,-0.487776,0.001796,-0.487776,-0.487776,0.114745,0.487775,-0.487776,0.125603,-0.487776,0.487776,0.109066,-0.487776,0.5,0.114415,0.001502,-0.5,0.114902,0.001502,0.487776,0.001796,0.001502,-0.487776,0.001796,0.001502,0.487776,0.107936,0.001502,-0.487776,0.10799,0.001502,0.259922,0.119541,0.5,-0,0.122685,0.5,-0.261106,0.131226,0.5,-0.261105,0.121394,-0.5,0,0.123592,-0.5,0.259923,0.123367,-0.5,0.259922,0.170424,0.5,-0,0.169436,0.5,-0.261106,0.172637,0.5,-0.261105,0.169492,-0.5,0,0.168084,-0.5,0.259923,0.169003,-0.5,0.253568,0.001796,0.487776,0,0.001796,0.487776,-0.254722,0.001796,0.487776,-0.254722,0.001796,-0.487776,0,0.001796,-0.487776,0.253568,0.001796,-0.487776,0.253568,0.119516,0.487776,-0,0.129998,0.487776,-0.254722,0.140769,0.487776,-0.254722,0.128234,-0.487776,0,0.12489,-0.487776,0.253568,0.116846,-0.487776,0.5,0.170241,0.001502,-0.5,0.172504,0.001502,0.259923,0.171778,0.001502,-0,0.171102,0.001502,-0.261106,0.172783,0.001502,0.5,0.109856,-0.255786,-0.5,0.119124,-0.255786,0.5,0.171152,-0.255786,-0.5,0.172056,-0.255786,0.487776,0.001796,-0.255786,-0.487776,0.001796,-0.255786,0.487776,0.11501,-0.255786,-0.487776,0.117465,-0.255786,0.259923,0.170897,-0.255786,-0,0.171391,-0.255786,-0.261106,0.170894,-0.255786,0.5,0.113203,0.246523,-0.5,0.119465,0.246522,0.5,0.172174,0.246523,-0.5,0.17338,0.246522,0.487776,0.001796,0.2405,-0.487776,0.001796,0.2405,0.487776,0.119798,0.240501,-0.487776,0.115801,0.2405,0.259923,0.171281,0.246523,-0,0.171246,0.246523,-0.261106,0.171094,0.246522],
    "faces": [35,52,2,14,58,0,0,1,2,3,35,61,31,7,54,1,4,5,6,7,35,0,62,64,4,1,8,9,10,11,35,51,53,46,16,1,12,13,14,15,35,36,42,13,9,0,16,17,18,19,35,56,58,14,12,0,20,3,2,21,35,39,45,15,10,0,22,23,24,25,35,57,55,10,15,0,26,27,25,24,35,24,1,13,42,0,28,29,18,17,35,27,3,15,45,0,30,31,24,23,35,62,0,11,68,0,9,8,32,33,35,18,55,57,20,0,27,27,26,34,35,66,18,20,68,0,27,27,34,33,35,69,21,19,67,0,35,36,20,20,35,21,58,56,19,0,36,3,20,20,35,63,17,21,69,1,37,38,36,35,35,17,52,58,21,0,38,0,3,36,35,48,49,71,70,1,39,40,41,42,35,65,72,50,47,1,43,44,45,46,35,47,50,61,54,1,46,45,4,7,35,59,48,46,53,1,47,39,14,13,35,49,50,72,71,1,40,45,44,41,35,62,16,46,64,1,9,15,14,10,35,2,25,43,14,0,1,48,49,2,35,25,26,44,43,0,48,50,51,49,35,26,27,45,44,0,50,30,23,51,35,0,22,40,11,0,8,52,53,32,35,22,23,41,40,0,52,54,55,53,35,23,24,42,41,0,54,28,17,55,35,12,14,43,37,0,21,2,49,22,35,37,43,44,38,0,22,49,51,22,35,38,44,45,39,0,22,51,23,22,35,8,11,40,34,0,56,32,53,16,35,34,40,41,35,0,16,53,55,16,35,35,41,42,36,0,16,55,17,16,35,25,2,7,31,1,48,1,6,5,35,3,27,33,6,1,31,30,57,58,35,27,26,32,33,1,30,50,59,57,35,22,0,4,28,1,52,8,11,60,35,1,24,30,5,1,29,28,61,62,35,24,23,29,30,1,28,54,63,61,35,53,6,33,59,1,13,58,57,47,35,59,33,32,60,1,47,57,59,64,35,60,32,31,61,1,64,59,5,4,35,17,47,54,52,1,38,46,7,0,35,60,49,48,59,1,64,40,39,47,35,61,50,49,60,1,4,45,40,64,35,64,46,48,70,1,10,14,39,42,35,62,68,20,16,0,9,33,34,15,35,65,47,17,63,1,43,46,38,37,35,63,1,5,65,1,37,29,62,43,35,23,22,28,29,1,54,52,60,63,35,3,51,57,15,0,31,12,26,24,35,29,71,72,30,1,63,41,44,61,35,28,70,71,29,1,60,42,41,63,35,4,64,70,28,1,11,10,42,60,35,1,63,69,13,0,29,37,35,18,35,30,72,65,5,1,61,44,43,62,35,9,13,69,67,0,19,18,35,20,35,11,8,66,68,0,32,56,27,33,35,3,6,53,51,1,31,58,13,12,35,26,25,31,32,1,50,48,5,59,35,2,52,54,7,1,1,0,7,6,35,16,20,57,51,0,15,34,26,12],
    "metadata": {
        "version": 3,
        "vertices": 73,
        "uvs": 0,
        "type": "Geometry",
        "faces": 64,
        "normals": 65,
        "materials": 2,
        "generator": "io_three"
    },
    "normals": [-0.772912,-0.634236,-0.018036,-0.618275,-0.583178,-0.526902,-0.328898,-0.923185,-0.198828,-0.773827,-0.633106,-0.018006,0.003357,0.999969,-0.005066,0.003296,0.704276,-0.709891,-0.575152,0.579485,-0.57738,-0.705588,0.708609,-0.002655,0.51912,-0.615802,0.592669,0.616688,-0.78692,0.020142,0.705496,0.708701,-0.000549,0.57561,0.579272,0.577105,0.708914,-0.705283,9.2e-05,0.706351,0.707816,-0.000763,0.709098,0.7051,-0.001007,0.718619,-0.695334,0.005951,0,0,1,0.00238,-0.786981,0.616932,-0.520676,-0.747185,0.413007,-0.707083,0,0.707083,-1,0,0,-0.707083,0,-0.707083,0,0,-1,-0.013977,-0.592944,-0.805109,0.27134,-0.83108,-0.485397,0.707083,0,-0.707083,0.70745,-0.706748,9.2e-05,1,0,0,0.020142,-0.710227,0.703635,-0.64214,-0.540269,0.543779,-0.01648,-0.562822,-0.826411,0.531205,-0.541185,-0.651814,0.144658,-0.951445,0.271645,0.655782,-0.754692,0.018189,0.727195,-0.686361,0.005829,-0.851314,-0.524491,0.011536,-0.831568,-0.555376,-0.000458,-0.866939,-0.498306,0.009461,-0.822047,-0.569384,-0.000458,0.000549,0.999969,-0.000824,0.000855,0.999969,-9.2e-05,0.001343,0.999969,0.002411,-0.001953,0.999969,0.001068,-0.704856,0.709311,-0.000824,0.005066,0.999969,0.000305,0.002808,0.999969,-0.000702,-0.706229,0.707938,-0.001007,-0.001282,0.999969,-0.003479,-0.002106,-0.805658,-0.592334,-0.001953,-0.80871,-0.588153,-0.006561,-0.711478,-0.702628,-0.006592,-0.71453,-0.699515,0.001526,-0.773492,0.633778,-0.008667,-0.775872,0.630787,-0.02649,-0.841029,0.5403,-0.026582,-0.84051,0.541093,0.707083,0,0.707083,-0.002625,0.703818,-0.710349,0.57503,0.580096,-0.576861,0.000305,0.702475,-0.711661,-0.002747,0.705435,0.708731,0.004669,0.708487,0.705679,-0.575396,0.580432,0.576159,0.001343,0.704245,0.709922,0.000702,0.999969,-0.006134],
    "uvs": [],
    "name": "Cube.013Geometry.4",
    "materials": [{
        "colorSpecular": [0.1,0.1,0.1],
        "depthTest": true,
        "shading": "phong",
        "DbgColor": 15658734,
        "depthWrite": true,
        "colorDiffuse": [0.264271,0.127937,0.06183],
        "opacity": 1,
        "wireframe": false,
        "colorEmissive": [0,0,0],
        "visible": true,
        "DbgName": "earth",
        "blending": "NormalBlending",
        "specularCoef": 1,
        "DbgIndex": 0,
        "transparent": false
    },{
        "colorSpecular": [0.1,0.1,0.1],
        "depthTest": true,
        "shading": "phong",
        "DbgColor": 60928,
        "depthWrite": true,
        "colorDiffuse": [0.109519,0.32792,0.476994],
        "opacity": 1,
        "wireframe": false,
        "colorEmissive": [0,0,0],
        "visible": true,
        "DbgName": "water",
        "blending": "NormalBlending",
        "specularCoef": 511,
        "DbgIndex": 2,
        "transparent": false
    }]
}