{
    "vertices": [0.5,0.12187,-0.5,0.499999,0.128009,0.5,-0.5,0.125369,0.5,-0.5,0.113342,-0.5,0.5,0.168244,-0.5,0.499999,0.171266,0.5,-0.5,0.194214,-0.5,-0.5,0.194427,0.5,0.487776,0.001796,-0.487776,0.487776,0.001796,0.487776,-0.487776,0.001796,-0.487776,0.487776,0.12513,-0.487776,-0.487776,0.001796,0.487776,0.487775,0.114745,0.487776,-0.487776,0.125603,0.487776,-0.487776,0.109066,-0.487776,-0.23344,0.113686,-0.5,0.079819,0.122913,0.5,-0.238943,0.001796,-0.487776,0.076076,0.001796,0.487776,-0.240104,0.12359,-0.487776,0.077907,0.122577,0.487776,0.5,0.119445,-0.25,0.5,0.122685,0,0.5,0.131376,0.25,-0.5,0.121209,0.25,-0.5,0.123592,-0,-0.503238,0.123781,-0.25,0.5,0.164256,-0.25,0.5,0.16246,0,0.5,0.168679,0.25,-0.5,0.194556,0.25,-0.5,0.193095,-0,-0.504852,0.193996,-0.25,0.487776,0.001796,-0.243888,0.487776,0.001796,-0,0.487776,0.001796,0.243888,-0.487776,0.001796,0.243888,-0.487776,0.001796,-0,-0.487776,0.001796,-0.243888,0.487776,0.119284,-0.243888,0.487776,0.129998,0,0.487776,0.141979,0.243888,-0.487776,0.128356,0.243888,-0.487776,0.12489,-0,-0.49394,0.117167,-0.243888,-0.266015,0.181776,-0.5,0.062744,0.183035,0.5,-0.200744,0.170965,-0.250435,-0.022465,0.174298,-0.002338,0.05806,0.168425,0.25,-0.274882,0.113964,-0.5,0.017813,0.123668,0.5,-0.307116,0.183283,-0.5,-9.4e-05,0.185865,0.5,-0.272814,0.001796,-0.487776,0.015272,0.001796,0.487776,-0.281387,0.123337,-0.487776,0.017425,0.123368,0.487776,-0.23922,0.174829,-0.250673,-0.094629,0.178057,-0.002338,-0.007264,0.17255,0.25,0.289123,0.112462,-0.5,0.315013,0.121108,0.5,0.285679,0.173678,-0.5,0.312956,0.174955,0.5,0.281031,0.001796,-0.487776,0.307169,0.001796,0.487776,0.281154,0.124427,-0.487776,0.307307,0.119369,0.487776,0.287733,0.159308,-0.250027,0.31294,0.159989,0,0.312932,0.157127,0.25,-0.433909,0.114457,-0.5,-0.232632,0.125016,0.5,-0.448516,0.189404,-0.5,-0.244749,0.192252,0.5,-0.430801,0.001796,-0.487776,-0.228597,0.001796,0.487776,-0.430835,0.120095,-0.487776,-0.226907,0.124943,0.487776,-0.382674,0.183987,-0.250369,-0.284277,0.186196,-0.002338,-0.244135,0.182662,0.25,0.009193,0.112752,-0.5,0.17667,0.121237,0.5,0.002391,0.001796,-0.487776,0.171473,0.001796,0.487776,0.003186,0.123656,-0.487776,0.172366,0.120866,0.487776,0.163369,0.17871,0.5,-0.013083,0.178607,-0.5,0.000206,0.167569,-0.250174,0.163264,0.16828,0,0.163207,0.162595,0.25],
    "faces": [35,83,31,7,76,0,0,1,2,3,35,78,80,14,12,1,4,5,6,7,35,0,62,64,4,2,8,9,10,11,35,85,63,65,90,2,12,13,14,15,35,36,42,13,9,1,16,17,18,19,35,79,77,10,15,1,20,21,22,23,35,39,45,15,10,1,24,25,23,22,35,75,6,33,81,0,26,27,28,29,35,24,1,13,42,2,30,31,18,17,35,27,3,15,45,1,32,33,23,25,35,62,0,11,68,2,9,8,34,35,35,51,16,20,57,1,36,37,38,39,35,89,21,19,87,1,40,41,4,4,35,85,17,21,89,2,12,42,41,40,35,6,75,73,3,0,27,26,43,33,35,48,49,93,92,2,44,45,46,47,35,50,47,90,94,2,48,49,15,50,35,61,54,47,50,1,51,52,49,48,35,92,93,71,70,2,47,46,53,54,35,93,94,72,71,2,46,50,55,53,35,2,25,43,14,1,56,57,58,6,35,25,26,44,43,1,57,59,60,58,35,26,27,45,44,1,59,32,25,60,35,0,22,40,11,2,8,61,62,34,35,22,23,41,40,2,61,63,64,62,35,23,24,42,41,2,63,30,17,64,35,12,14,43,37,1,7,6,58,65,35,37,43,44,38,1,65,58,60,66,35,38,44,45,39,1,66,60,25,24,35,8,11,40,34,1,67,34,62,16,35,34,40,41,35,1,16,62,64,16,35,35,41,42,36,1,16,64,17,16,35,25,2,7,31,0,57,56,2,1,35,3,27,33,6,0,33,32,28,27,35,27,26,32,33,0,32,59,68,28,35,22,0,4,28,2,61,8,11,69,35,1,24,30,5,2,31,30,70,71,35,24,23,29,30,2,30,63,72,70,35,81,33,32,82,0,29,28,68,73,35,82,32,31,83,0,73,68,1,0,35,2,74,76,7,0,56,74,3,2,35,60,61,50,49,1,75,51,48,45,35,46,53,59,48,1,76,77,78,44,35,59,60,49,48,1,78,75,45,44,35,3,73,79,15,1,33,43,20,23,35,51,53,46,16,1,36,77,76,37,35,94,90,65,72,2,50,15,14,55,35,88,20,16,84,2,79,38,37,80,35,52,17,47,54,1,81,42,49,52,35,73,51,57,79,1,43,36,39,20,35,20,18,55,57,1,38,21,21,39,35,19,21,58,56,1,4,41,82,4,35,17,52,58,21,1,42,81,82,41,35,29,71,72,30,2,72,53,55,70,35,28,70,71,29,2,69,54,53,72,35,4,64,70,28,2,11,10,54,69,35,1,63,69,13,2,31,13,83,18,35,30,72,65,5,2,70,55,14,71,35,9,13,69,67,1,19,18,83,4,35,11,8,66,68,1,34,67,21,35,35,84,62,68,88,2,80,9,35,79,35,63,1,5,65,2,13,31,71,14,35,23,22,28,29,2,63,61,69,72,35,47,17,85,90,2,49,42,12,15,35,73,75,53,51,0,43,26,77,36,35,26,25,31,32,0,59,57,1,68,35,74,52,54,76,0,74,81,52,3,35,60,82,83,61,0,75,73,0,51,35,59,81,82,60,0,78,29,73,75,35,53,75,81,59,0,77,26,29,78,35,57,55,77,79,1,39,21,21,20,35,56,58,80,78,1,4,82,5,4,35,61,83,76,54,0,51,0,3,52,35,52,74,80,58,1,81,74,5,82,35,62,84,91,64,2,9,80,84,10,35,86,18,20,88,1,21,21,38,79,35,91,46,48,92,2,84,76,44,47,35,46,91,84,16,2,76,84,80,37,35,49,50,94,93,2,45,48,50,46,35,63,85,89,69,2,13,12,40,83,35,64,91,92,70,2,10,84,47,54,35,67,69,89,87,1,4,83,40,4,35,68,66,86,88,1,35,21,21,79,35,74,2,14,80,1,74,56,6,5],
    "metadata": {
        "version": 3,
        "vertices": 95,
        "uvs": 0,
        "type": "Geometry",
        "faces": 84,
        "normals": 85,
        "materials": 3,
        "generator": "io_three"
    },
    "normals": [0.036134,0.999237,-0.0141,-0.694388,0.719535,-0.006439,-0.57152,0.587146,0.573199,0.022217,0.720054,0.693533,0,0,1,-0.003143,-0.705344,0.708823,-0.182104,-0.931639,0.314402,-0.707083,0,0.707083,0.616047,-0.614643,-0.492569,0.014679,-0.893094,-0.449568,0.008576,0.723167,-0.690603,0.577899,0.582904,-0.571154,-0.007233,-0.684622,0.728843,0.001038,-0.549699,0.835322,0.00354,0.725303,0.688406,0.029145,0.727073,0.685903,1,0,0,0.607318,-0.794427,-0.001709,0.395734,-0.764733,0.508438,0.707083,0,0.707083,0.039949,-0.808435,-0.587176,0,0,-1,-0.702506,-0.01944,-0.711386,-0.467025,-0.81991,-0.331004,-0.999634,-0.026734,0.000427,-0.804529,-0.593707,0.013398,0.050569,0.701773,-0.710562,-0.551347,0.602496,-0.577044,-0.691336,0.722495,-0.004364,0.058657,0.99823,-0.006836,0.687887,-0.725547,-0.019288,0.534501,-0.555773,0.636677,-0.837825,-0.545732,0.013245,-0.6386,-0.546251,-0.541978,0.284402,-0.955626,-0.076449,0.009095,-0.902066,-0.43144,0.00293,-0.889187,-0.457472,-0.001099,-0.904843,-0.425733,-0.000732,-0.902951,-0.42967,0.004975,-0.88345,-0.468429,-0.008972,-0.686331,0.727226,-0.010376,-0.696921,0.717063,-0.010712,-0.695517,0.718375,0.048708,-0.765343,-0.641743,0.045991,0.998901,-0.00763,0.044191,0.998932,-0.013153,0.038453,0.999237,-0.001251,0.023652,0.999634,0.01175,0.049471,0.998474,-0.024018,0.037599,0.726585,0.686026,0.041597,0.99884,-0.023957,0.047761,0.998566,-0.023286,0.032258,0.726463,0.686422,0.006012,0.999969,-0.000519,0.011567,0.999756,0.017853,0.004547,0.999664,-0.024506,-0.526597,-0.595172,0.606983,-0.587573,-0.809137,0.002106,-0.583605,-0.812006,0.001953,-0.705313,-0.708731,0.013855,-0.703085,-0.710959,0.012543,0.635487,-0.772088,-0.000916,0.633595,-0.773583,0.009339,0.53737,-0.84283,0.028962,0.538499,-0.842097,0.029084,-1,0,0,-0.999878,-0.012909,0.0065,0.707083,0,-0.707083,-0.691885,0.721976,0.001465,0.705039,0.709006,0.01413,0.695151,0.71865,-0.01706,0.572192,0.587878,0.571795,0.700827,0.713309,-0.001251,0.046113,0.99884,-0.011872,-0.00235,-0.706626,0.707541,0.055788,0.998169,-0.022523,0.032289,0.713858,-0.699515,0.042177,0.710868,-0.702048,0.059511,0.998138,-0.012848,-0.000702,-0.911252,-0.411786,-0.000153,-0.913694,-0.406323,-0.0065,-0.698904,0.71514,-0.006439,-0.700522,0.713553,-0.001465,-0.613514,0.789666,0.013245,0.72335,-0.690329],
    "uvs": [],
    "name": "Cube.018Geometry.4",
    "materials": [{
        "colorSpecular": [0.1,0.1,0.1],
        "depthTest": true,
        "shading": "phong",
        "DbgColor": 15597568,
        "depthWrite": true,
        "colorDiffuse": [0.152586,0.339692,0.048569],
        "opacity": 1,
        "wireframe": false,
        "colorEmissive": [0,0,0],
        "visible": true,
        "DbgName": "gras",
        "blending": "NormalBlending",
        "specularCoef": 1,
        "DbgIndex": 1,
        "transparent": false
    },{
        "colorSpecular": [0.1,0.1,0.1],
        "depthTest": true,
        "shading": "phong",
        "DbgColor": 15658734,
        "depthWrite": true,
        "colorDiffuse": [0.264271,0.127937,0.06183],
        "opacity": 1,