{
    "materials": [{
        "blending": "NormalBlending",
        "DbgName": "leinwand",
        "transparent": false,
        "colorSpecular": [0.5,0.5,0.5],
        "specularCoef": 50,
        "opacity": 1,
        "visible": true,
        "depthWrite": true,
        "DbgColor": 15658734,
        "colorEmissive": [0,0,0],
        "DbgIndex": 0,
        "shading": "phong",
        "depthTest": true,
        "wireframe": false,
        "colorDiffuse": [0.64,0.64,0.64]
    }],
    "name": "Plane.001Geometry.10",
    "normals": [-0.262551,0.084078,0.961241,-0.309976,0.082858,0.947111,0.309976,0.082858,0.947111,0.262551,0.084078,0.961241,0.185064,0.085635,0.978973,0.133671,0.086367,0.987243,0.093814,0.086764,0.991791,0.059938,0.086978,0.994385,0.029267,0.0871,0.995758,0,0.08713,0.996185,-0.029267,0.0871,0.995758,-0.059938,0.086978,0.994385,-0.093814,0.086764,0.991791,-0.133671,0.086367,0.987243,-0.185064,0.085635,0.978973],
    "uvs": [[0.925847,0.445311,0.999926,0.445311,0.999926,0.999942,0.925847,0.999942,7.7e-05,0.445309,0.074155,0.445309,0.074153,0.999941,7.4e-05,0.99994,0.146263,0.44531,0.146261,0.999941,0.21756,0.44531,0.217558,0.999941,0.288434,0.44531,0.288432,0.999941,0.359066,0.44531,0.359065,0.999942,0.429564,0.44531,0.429563,0.999942,0.500001,0.445311,0.5,0.999942,0.570438,0.445311,0.570437,0.999942,0.640936,0.445311,0.640935,0.999942,0.711569,0.445311,0.711568,0.999942,0.782442,0.445311,0.782442,0.999942,0.853739,0.445311,0.853739,0.999942]],
    "faces": [43,16,1,3,17,0,0,1,2,3,0,1,1,0,43,0,4,29,2,0,4,5,6,7,2,3,3,2,43,4,5,28,29,0,5,8,9,6,3,4,4,3,43,5,6,27,28,0,8,10,11,9,4,5,5,4,43,6,7,26,27,0,10,12,13,11,5,6,6,5,43,7,8,25,26,0,12,14,15,13,6,7,7,6,43,8,9,24,25,0,14,16,17,15,7,8,8,7,43,9,10,23,24,0,16,18,19,17,8,9,9,8,43,10,11,22,23,0,18,20,21,19,9,10,10,9,43,11,12,21,22,0,20,22,23,21,10,11,11,10,43,12,13,20,21,0,22,24,25,23,11,12,12,11,43,13,14,19,20,0,24,26,27,25,12,13,13,12,43,14,15,18,19,0,26,28,29,27,13,14,14,13,43,15,16,17,18,0,28,0,3,29,14,0,0,14],
    "metadata": {
        "generator": "io_three",
        "type": "Geometry",
        "normals": 15,
        "vertices": 30,
        "materials": 1,
        "uvs": 1,
        "faces": 14,
        "version": 3
    },
    "vertices": [-19.0025,7.7401,-37.761,19.0025,7.7401,-37.761,-19.0025,29.0366,-39.6242,19.0025,29.0366,-39.6242,-16.2879,7.66295,-38.6428,-13.5732,7.611,-39.2366,-10.8586,7.57375,-39.6624,-8.14393,7.54713,-39.9666,-5.42928,7.52914,-40.1723,-2.71464,7.5187,-40.2916,-0,7.51527,-40.3307,2.71464,7.5187,-40.2916,5.42928,7.52914,-40.1723,8.14393,7.54713,-39.9666,10.8586,7.57375,-39.6624,13.5732,7.611,-39.2366,16.2879,7.66295,-38.6428,16.2879,28.9594,-40.506,13.5732,28.9075,-41.0998,10.8586,28.8702,-41.5256,8.14393,28.8436,-41.8298,5.42928,28.8256,-42.0355,2.71464,28.8152,-42.1548,1e-06,28.8117,-42.1939,-2.71464,28.8152,-42.1548,-5.42928,28.8256,-42.0355,-8.14393,28.8436,-41.8298,-10.8586,28.8702,-41.5256,-13.5732,28.9075,-41.0998,-16.2879,28.9594,-40.506]
}