{
    "materials": [{
        "blending": "NormalBlending",
        "DbgName": "leinwand",
        "transparent": false,
        "colorSpecular": [0.5,0.5,0.5],
        "specularCoef": 50,
        "opacity": 1,
        "visible": true,
        "depthWrite": true,
        "DbgColor": 15658734,
        "colorEmissive": [0,0,0],
        "DbgIndex": 0,
        "shading": "phong",
        "depthTest": true,
        "wireframe": false,
        "colorDiffuse": [0.64,0.64,0.64]
    }],
    "name": "Plane.006Geometry.1",
    "normals": [-0.262551,0.084078,0.961241,-0.309976,0.082858,0.947111,-0.075808,0.086886,0.993316,-0.093814,0.086764,0.991791,-0.133702,0.086367,0.987243,-0.185064,0.085635,0.978973],
    "uvs": [[0.133355,2.1e-05,2.9e-05,2.1e-05,2.9e-05,0.99824,0.133355,0.99824,0.646134,2.1e-05,0.51901,2.1e-05,0.519012,0.998239,0.646136,0.998239,0.391453,2.1e-05,0.391454,0.998239,0.263133,2.1e-05,0.263134,0.99824]],
    "faces": [43,6,0,1,7,0,0,1,2,3,0,1,1,0,43,2,3,10,11,0,4,5,6,7,2,3,3,2,43,3,4,9,10,0,5,8,9,6,3,4,4,3,43,4,5,8,9,0,8,10,11,9,4,5,5,4,43,5,6,7,8,0,10,0,3,11,5,0,0,5],
    "metadata": {
        "generator": "io_three",
        "type": "Geometry",
        "normals": 6,
        "vertices": 12,
        "materials": 1,
        "uvs": 1,
        "faces": 5,
        "version": 3
    },
    "vertices": [19.0025,7.7401,-37.4769,19.0025,29.0366,-39.3401,5.42928,7.52914,-39.8882,8.14393,7.54713,-39.6826,10.8586,7.57375,-39.3783,13.5732,7.611,-38.9525,16.2879,7.66295,-38.3587,16.2879,28.9594,-40.2219,13.5732,28.9075,-40.8157,10.8586,28.8702,-41.2415,8.14393,28.8436,-41.5458,5.42928,28.8256,-41.7514]
}