{
    "materials": [{
        "blending": "NormalBlending",
        "DbgName": "leinwand",
        "transparent": false,
        "colorSpecular": [0.5,0.5,0.5],
        "specularCoef": 50,
        "opacity": 1,
        "visible": true,
        "depthWrite": true,
        "DbgColor": 15658734,
        "colorEmissive": [0,0,0],
        "DbgIndex": 0,
        "shading": "phong",
        "depthTest": true,
        "wireframe": false,
        "colorDiffuse": [0.64,0.64,0.64]
    }],
    "name": "Plane.007Geometry.1",
    "normals": [0.309976,0.082858,0.947111,0.262551,0.084078,0.961241,0.185064,0.085635,0.978973,0.133702,0.086367,0.987243,0.093814,0.086764,0.991791,0.075808,0.086886,0.993316],
    "uvs": [[7.8e-05,0.003957,0.133106,0.003957,0.133102,0.999941,7.4e-05,0.99994,0.262593,0.003958,0.26259,0.999942,0.390626,0.003958,0.390623,0.999942,0.517898,0.003959,0.517895,0.999942,0.644737,0.003959,0.644734,0.999943]],
    "faces": [43,0,2,11,1,0,0,1,2,3,0,1,1,0,43,2,3,10,11,0,1,4,5,2,1,2,2,1,43,3,4,9,10,0,4,6,7,5,2,3,3,2,43,4,5,8,9,0,6,8,9,7,3,4,4,3,43,5,6,7,8,0,8,10,11,9,4,5,5,4],
    "metadata": {
        "generator": "io_three",
        "type": "Geometry",
        "normals": 6,
        "vertices": 12,
        "materials": 1,
        "uvs": 1,
        "faces": 5,
        "version": 3
    },
    "vertices": [-19.0025,7.7401,-37.4769,-19.0025,29.0366,-39.3401,-16.2879,7.66295,-38.3587,-13.5732,7.611,-38.9525,-10.8586,7.57375,-39.3783,-8.14393,7.54713,-39.6826,-5.42928,7.52914,-39.8882,-5.42928,28.8256,-41.7514,-8.14393,28.8436,-41.5458,-10.8586,28.8702,-41.2415,-13.5732,28.9075,-40.8157,-16.2879,28.9594,-40.2219]
}