{
    "vertices": [-9.59496,-0.077012,9.42115,-9.59496,-0.001511,9.42115,-9.59496,-0.077013,-9.42115,-9.59496,-0.001512,-9.42115,9.59496,-0.077012,9.42115,9.59496,-0.001511,9.42115,9.59496,-0.077013,-9.42115,9.59496,-0.001512,-9.42115],
    "uvs": [[0,0,0,1,1,1,1,0]],
    "normals": [-0.577349,-0.577349,-0.577349,-0.577349,-0.577349,0.577349,-0.577349,0.577349,0.577349,-0.577349,0.577349,-0.577349,0.577349,0.577349,-0.577349,0.577349,-0.577349,-0.577349,0.577349,0.577349,0.577349,0.577349,-0.577349,0.577349],
    "metadata": {
        "type": "Geometry",
        "materials": 1,
        "uvs": 1,
        "version": 3,
        "vertices": 8,
        "normals": 8,
        "faces": 6,
        "generator": "io_three"
    },
    "faces": [43,2,0,1,3,0,1,0,0,1,0,1,2,3,43,3,7,6,2,0,1,2,2,1,3,4,5,0,43,7,5,4,6,0,2,3,3,2,4,6,7,5,43,0,4,5,1,0,0,3,3,0,1,7,6,2,43,0,2,6,4,0,0,1,2,3,1,0,5,7,43,5,7,3,1,0,3,2,1,0,6,4,3,2],
    "materials": [{
        "depthWrite": true,
        "mapDiffuseAnisotropy": 1,
        "mapBumpRepeat": [1,1],
        "mapBumpWrap": ["RepeatWrapping","RepeatWrapping"],
        "mapBumpAnisotropy": 1,
        "mapDiffuse": "reference.png",
        "DbgColor": 15658734,
        "DbgIndex": 0,
        "mapDiffuseWrap": ["RepeatWrapping","RepeatWrapping"],
        "colorEmissive": [0,0,0],
        "wireframe": false,
        "blending": "NormalBlending",
        "mapBump": "reference_normal.png",
        "depthTest": true,
        "shading": "phong",
        "mapBumpScale": 1,
        "transparent": false,
        "mapDiffuseRepeat": [1,1],
        "visible": true,
        "specularCoef": 50,
        "colorSpecular": [0.5,0.5,0.5],
        "DbgName": "board",
        "opacity": 1,
        "colorDiffuse": [0.8,0.8,0.8]
    }],
    "name": "Cube.001Geometry.7"
}