{
    "metadata": {
        "materials": 1,
        "uvs": 1,
        "vertices": 84,
        "version": 3,
        "normals": 62,
        "type": "Geometry",
        "generator": "io_three",
        "faces": 99
    },
    "name": "Cube.001Geometry.1",
    "normals": [0.577349,-0.577349,-0.577349,0.577349,-0.577349,0.577319,-0.577349,-0.577349,0.577349,-0.577349,-0.577349,-0.577349,0.707083,0,-0.707083,-0.707083,0,-0.707083,0.577349,0.577349,-0.577349,0.577319,0.577349,0.577349,0.707083,0,0.707083,-0.577349,0.577349,0.577349,-0.707083,0,0.707083,-0.577349,0.577349,-0.577349,0.349803,0.405438,-0.844508,0,0.405438,-0.91409,0,0.6657,-0.746178,0.285531,0.6657,-0.689383,-0.128697,0.94174,-0.310709,0,0.94174,-0.336314,0,1,0,-0.646352,0.405438,0.646352,-0.349803,0.405438,0.844508,-0.285531,0.6657,0.689383,-0.527635,0.6657,0.527635,-0.844508,0.405438,0.349803,-0.689383,0.6657,0.285531,0,0.6657,0.746178,-0.746178,0.6657,0,-0.527635,0.6657,-0.527635,-0.689383,0.6657,-0.285531,-0.285531,0.6657,-0.689383,0.527635,0.6657,-0.527635,0.746178,0.6657,0,0.689383,0.6657,-0.285531,0.527635,0.6657,0.527635,0.689383,0.6657,0.285531,0.285531,0.6657,0.689383,0,0.405438,0.91409,-0.91409,0.405438,0,-0.844508,0.405438,-0.349803,-0.646352,0.405438,-0.646352,-0.349803,0.405438,-0.844508,0.128697,0.94174,-0.310709,0.646352,0.405438,-0.646352,0.844508,0.405438,-0.349803,0.91409,0.405438,0,0.844508,0.405438,0.349803,0.646352,0.405438,0.646352,0.349803,0.405438,0.844508,0.310709,0.94174,0.128697,0.336314,0.94174,0,-0.128697,0.94174,0.310709,0,0.94174,0.336314,-0.2378,0.94174,0.2378,0.128697,0.94174,0.310709,-0.310709,0.94174,0.128697,-0.336314,0.94174,0,-0.310709,0.94174,-0.128697,-0.2378,0.94174,-0.2378,0.2378,0.94174,-0.2378,0.310709,0.94174,-0.128697,0.2378,0.94174,0.2378,0,0.999969,0],
    "materials": [{
        "wireframe": false,
        "colorSpecular": [0.5,0.5,0.5],
        "DbgColor": 15658734,
        "colorEmissive": [0,0,0],
        "colorAmbient": [0.64,0.64,0.64],
        "depthTest": true,
        "depthWrite": true,
        "opacity": 1,
        "transparent": false,
        "specularCoef": 50,
        "DbgName": "Material",
        "shading": "phong",
        "DbgIndex": 0,
        "colorDiffuse": [0.64,0.64,0.64],
        "blending": "NormalBlending",
        "visible": true
    }],
    "vertices": [0.5,-0,-0.5,0.5,0,0.5,-0.5,0,0.5,-0.5,-0,-0.5,0.5,0.5,-0.5,-0.5,0.5,-0.5,0.5,0.5,0.5,-0.5,0.5,0.5,0,0.22656,-0.312275,0.119503,0.22656,-0.288505,0.220812,0.22656,-0.220812,-0.119502,0.22656,-0.288505,-0.220812,0.22656,-0.220812,-0.288505,0.22656,-0.119503,-0.312275,0.22656,0,-0.288505,0.22656,0.119503,-0.220812,0.22656,0.220812,-0.119502,0.22656,0.288505,0,0.22656,0.312275,0.119503,0.22656,0.288505,0.220812,0.22656,0.220812,0.288505,0.22656,0.119503,0.312275,0.22656,0,0.288505,0.22656,-0.119503,0,0.479989,0.312275,0,0.5,0.332678,-0.12731,0.5,0.307354,-0.119502,0.479989,0.288505,-0.235239,0.5,0.235239,-0.220812,0.479989,0.220812,-0.288505,0.479989,0.119503,-0.307354,0.5,0.12731,-0.332678,0.5,-0,-0.312275,0.479989,-0,-0.288505,0.479989,-0.119503,-0.307354,0.5,-0.12731,-0.235239,0.5,-0.235239,-0.220812,0.479989,-0.220812,-0.12731,0.5,-0.307354,-0.119502,0.479989,-0.288505,0,0.5,-0.332678,0,0.479989,-0.312275,0.119503,0.479989,-0.288505,0.12731,0.5,-0.307354,0.220812,0.479989,-0.220812,0.235239,0.5,-0.235239,0.307354,0.5,-0.12731,0.288505,0.479989,-0.119503,0.332678,0.5,0,0.312275,0.479989,0,0.288505,0.479989,0.119503,0.307354,0.5,0.12731,0.220812,0.479989,0.220812,0.235239,0.5,0.235239,0.12731,0.5,0.307354,0.119503,0.479989,0.288505,0.5,0.458239,-0.5,0.5,0.041761,-0.5,-0.5,0.041761,-0.5,-0.5,0.458239,-0.5,0.5,0.041761,0.5,0.5,0.458239,0.5,-0.5,0.041761,0.5,-0.5,0.458239,0.5,-0.471763,0.5,-0.471763,0.471763,0.5,-0.471763,0.471763,0.5,0.471763,-0.471763,0.5,0.471763,-0.324652,0.5,-0.134475,-0.3514,0.5,-0,0.134475,0.5,-0.324652,0,0.5,-0.3514,0,0.5,0.351401,0.134475,0.5,0.324652,0.248478,0.5,-0.248478,-0.134475,0.5,-0.324652,0.324652,0.5,-0.134475,0.351401,0.5,0,0.324652,0.5,0.134475,0.248478,0.5,0.248478,-0.134475,0.5,0.324652,-0.248478,0.5,0.248478,-0.324652,0.5,0.134475,-0.248478,0.5,-0.248478],
    "faces": [43,0,1,2,3,0,0,1,2,3,0,1,2,3,43,57,0,3,58,0,4,5,6,7,4,0,3,5,43,56,4,6,61,0,8,9,10,11,4,6,7,8,43,61,6,7,63,0,12,13,14,15,8,7,9,10,43,63,7,5,59,0,16,17,18,19,10,9,11,5,43,27,24,18,17,0,20,21,22,23,12,13,14,15,43,54,25,72,73,0,24,25,26,27,16,17,18,18,43,44,42,9,10,0,28,29,30,31,19,20,21,22,43,47,44,10,23,0,32,33,34,35,23,19,22,24,42,8,10,9,0,36,50,51,25,22,21,42,22,23,10,0,48,49,50,26,24,22,42,20,21,22,0,46,47,48,27,28,26,42,18,19,20,0,44,45,46,14,29,27,42,16,17,18,0,42,43,44,30,15,14,42,14,15,16,0,40,41,42,31,32,30,42,12,13,14,0,38,39,40,33,34,31,42,8,11,12,0,36,37,38,25,35,33,42,8,22,10,0,36,48,50,25,26,22,42,18,20,22,0,44,46,48,14,27,26,42,14,16,18,0,40,42,44,31,30,14,42,8,12,14,0,36,38,40,25,33,31,42,8,18,22,0,36,44,48,25,14,26,42,8,14,18,0,36,40,44,25,31,14,43,42,41,8,9,0,29,52,53,30,20,36,25,21,43,49,47,23,22,0,54,32,35,55,37,23,24,26,43,50,49,22,21,0,56,54,55,57,38,37,26,28,43,52,50,21,20,0,58,56,57,59,39,38,28,27,43,55,52,20,19,0,60,61,62,63,40,39,27,29,43,25,26,80,72,0,25,64,65,26,17,41,18,18,43,29,27,17,16,0,66,20,23,67,42,12,15,30,43,30,29,16,15,0,68,69,70,71,43,42,30,32,43,33,30,15,14,0,72,68,71,73,44,43,32,31,43,34,33,14,13,0,74,72,73,75,45,44,31,34,43,37,34,13,12,0,76,74,75,77,46,45,34,33,43,39,37,12,11,0,78,79,80,81,47,46,33,35,43,41,39,11,8,0,52,78,81,53,36,47,35,25,43,33,34,35,32,0,82,83,84,85,44,45,48,49,43,41,42,43,40,0,86,87,88,89,36,20,50,51,43,55,24,25,54,0,90,91,25,24,40,13,17,16,43,45,43,42,44,0,92,88,87,93,52,50,20,19,43,40,38,39,41,0,89,94,95,86,51,53,47,36,43,46,45,44,47,0,96,92,93,97,54,52,19,23,43,48,46,47,49,0,98,96,97,99,55,54,23,37,43,51,48,49,50,0,100,98,99,101,56,55,37,38,43,53,51,50,52,0,102,100,101,103,57,56,38,39,43,54,53,52,55,0,24,102,103,90,16,57,39,40,43,26,25,24,27,0,64,25,91,104,41,17,13,12,43,28,26,27,29,0,105,64,104,106,58,41,12,42,43,31,28,29,30,0,107,105,106,108,59,58,42,43,43,32,31,30,33,0,85,107,108,82,49,59,43,44,43,36,35,34,37,0,109,84,83,110,60,48,45,46,43,38,36,37,39,0,94,109,110,95,53,60,46,47,43,24,55,19,18,0,21,60,63,22,13,40,29,14,43,2,62,58,3,0,111,112,113,114,2,10,5,3,43,62,63,59,58,0,112,16,19,113,10,10,5,5,43,1,60,62,2,0,115,116,117,118,1,8,10,2,43,60,61,63,62,0,116,12,15,117,8,8,10,10,43,0,57,60,1,0,119,120,121,122,0,4,8,1,43,57,56,61,60,0,120,8,11,121,4,4,8,8,43,4,56,59,5,0,123,124,125,126,6,4,5,11,43,56,57,58,59,0,124,4,7,125,4,4,5,5,42,66,72,80,0,130,26,65,18,18,18,42,65,64,75,0,127,128,136,18,18,61,42,67,66,80,0,129,130,65,18,18,18,42,64,83,75,0,128,135,136,18,18,61,42,67,80,81,0,129,65,131,18,18,18,42,64,68,83,0,128,134,135,18,18,18,42,67,81,82,0,129,131,132,18,18,18,42,64,69,68,0,128,133,134,18,18,18,42,67,82,69,0,129,132,133,18,18,18,42,64,67,69,0,128,129,133,18,18,18,42,73,72,66,0,27,26,130,18,18,18,42,65,75,71,0,127,136,137,18,61,18,42,79,73,66,0,143,27,130,18,18,18,42,65,71,70,0,127,137,138,18,18,18,42,78,79,66,0,142,143,130,18,18,18,42,65,70,74,0,127,138,139,18,18,18,42,65,78,66,0,127,142,130,18,18,18,42,65,74,76,0,127,139,140,18,18,18,42,65,77,78,0,127,141,142,18,18,18,42,65,76,77,0,127,140,141,18,18,18,43,31,32,69,82,0,107,85,133,132,59,49,18,18,43,5,7,67,64,0,144,145,129,128,11,9,18,18,43,45,46,76,74,0,92,96,140,139,52,54,18,18,43,7,6,66,67,0,145,146,130,129,9,7,18,18,43,43,45,74,70,0,88,92,139,138,50,52,18,18,43,51,53,79,78,0,100,102,143,142,56,57,18,18,43,26,28,81,80,0,64,105,131,65,41,58,18,18,43,4,5,64,65,0,147,144,128,127,6,11,18,18,43,35,36,83,68,0,84,109,135,134,48,60,18,18,43,40,43,70,71,0,89,88,138,137,51,50,18,18,43,46,48,77,76,0,96,98,141,140,54,55,18,18,43,6,4,65,66,0,146,147,127,130,7,6,18,18,43,38,40,71,75,0,94,89,137,136,53,51,18,61,43,53,54,73,79,0,102,24,27,143,57,16,18,18,43,36,38,75,83,0,109,94,136,135,60,53,61,18,43,28,31,82,81,0,105,107,132,131,58,59,18,18,43,48,51,78,77,0,98,100,142,141,55,56,18,18,43,32,35,68,69,0,85,84,134,133,49,48,18,18],