{
    "name": "CubeGeometry",
    "normals": [0.577349,-0.577319,-0.577349,0.577349,-0.577349,0.577319,-0.577319,-0.577349,0.577349,-0.577349,-0.577349,-0.577349,-0.577349,0.577349,-0.577349,-0.577349,0.577349,0.577349,0,1,0,0.707083,0,-0.707083,0.577349,0.577349,-0.577349,0.577319,0.577349,0.577349,0.707083,0,0.707083,-0.707083,0,0.707083,-0.707083,0,-0.707083],
    "metadata": {
        "generator": "io_three",
        "vertices": 20,
        "uvs": 1,
        "materials": 1,
        "normals": 13,
        "type": "Geometry",
        "faces": 18,
        "version": 3
    },
    "faces": [43,0,1,2,3,0,0,1,2,3,0,1,2,3,43,7,6,19,18,0,4,5,6,7,4,5,6,6,43,9,4,5,11,0,8,9,10,11,7,8,9,10,43,11,5,6,13,0,12,13,9,14,10,9,5,11,43,13,6,7,15,0,15,16,17,18,11,5,4,12,43,8,0,3,14,0,19,20,21,22,7,0,3,12,43,4,9,15,7,0,23,24,25,26,8,7,12,4,43,9,8,14,15,0,24,19,22,25,7,7,12,12,43,2,12,14,3,0,27,28,29,30,2,11,12,3,43,12,13,15,14,0,28,15,18,29,11,11,12,12,43,1,10,12,2,0,31,32,33,34,1,10,11,2,43,10,11,13,12,0,32,12,14,33,10,10,11,11,43,0,8,10,1,0,35,36,37,38,0,7,10,1,43,8,9,11,10,0,36,8,11,37,7,7,10,10,43,16,18,19,17,0,39,7,6,40,6,6,6,6,43,4,7,18,16,0,41,4,7,39,8,4,6,6,43,6,5,17,19,0,5,42,40,6,5,9,6,6,43,5,4,16,17,0,42,41,39,40,9,8,6,6],
    "vertices": [0.5,-0,-0.5,0.5,0,0.5,-0.5,0,0.5,-0.5,-0,-0.5,0.5,0.5,-0.5,0.5,0.5,0.5,-0.5,0.5,0.5,-0.5,0.5,-0.5,0.5,0.025707,-0.5,0.5,0.474293,-0.5,0.5,0.025707,0.5,0.5,0.474293,0.5,-0.5,0.025707,0.5,-0.5,0.474293,0.5,-0.5,0.025707,-0.5,-0.5,0.474293,-0.5,0.489626,0.5,-0.489626,0.489626,0.5,0.489627,-0.489626,0.5,-0.489626,-0.489627,0.5,0.489626],
    "uvs": [[0.5,0,1,0,1,0.5,0.5,0.5,0.5,0.5,0,0.5,0.005187,0.494813,0.494813,0.494813,0.262853,1,0.25,1,0.25,0.5,0.262854,0.5,0.237147,0.5,0.25,0.5,0.237147,1,0.987147,0.5,1,0.5,1,1,0.987147,1,0.737147,0.5,0.75,0.5,0.75,1,0.737147,1,0.5,0.5,0.512853,0.5,0.512854,1,0.5,1,0.75,0.5,0.762853,0.5,0.762853,1,0.75,1,0,0.5,0.012853,0.5,0.012853,1,0,1,0.5,1,0.487147,1,0.487147,0.5,0.5,0.5,0.494813,0.005187,0.005187,0.005187,0.5,0,0,0]],
    "materials": [{
        "depthWrite": true,
        "blending": "NormalBlending",
        "colorAmbient": [0.64,0.64,0.64],
        "DbgName": "Material",
        "colorEmissive": [0,0,0],
        "colorSpecular": [0.5,0.5,0.5],
        "specularCoef": 50,
        "DbgColor": 15658734,
        "DbgIndex": 0,
        "opacity": 1,
        "depthTest": true,
        "shading": "phong",
        "wireframe": false,
        "visible": true,
        "colorDiffuse": [0.64,0.64,0.64],
        "transparent": false
    }]
}