{
    "name": "Cube.002Geometry",
    "normals": [0.577349,-0.577319,-0.577349,0.577349,-0.577349,0.577319,-0.577319,-0.577349,0.577349,-0.577349,-0.577349,-0.577349,0.707083,0,-0.707083,-0.707083,0,-0.707083,0.577349,0.577349,-0.577319,0.577319,0.577349,0.577349,0.707083,0,0.707083,-0.577349,0.577349,0.577349,-0.707083,0,0.707083,-0.577349,0.577349,-0.577349,0.349803,0.405438,-0.844508,0,0.405438,-0.91409,0,0.6657,-0.746178,0.285531,0.6657,-0.689383,-0.128697,0.94174,-0.310709,0,0.94174,-0.336314,0,1,0,-0.646352,0.405438,0.646352,-0.349803,0.405438,0.844508,-0.285531,0.6657,0.689383,-0.527635,0.6657,0.527635,-0.844508,0.405438,0.349803,-0.689383,0.6657,0.285531,0,0.6657,0.746178,-0.746178,0.6657,0,-0.527635,0.6657,-0.527635,-0.689383,0.6657,-0.285531,-0.285531,0.6657,-0.689383,0.527635,0.6657,-0.527635,0.746178,0.6657,0,0.689383,0.6657,-0.285531,0.527635,0.6657,0.527635,0.689383,0.6657,0.285531,0.285531,0.6657,0.689383,0,0.405438,0.91409,-0.91409,0.405438,0,-0.844508,0.405438,-0.349803,-0.646352,0.405438,-0.646352,-0.349803,0.405438,-0.844508,0.128697,0.94174,-0.310709,0.646352,0.405438,-0.646352,0.844508,0.405438,-0.349803,0.91409,0.405438,0,0.844508,0.405438,0.349803,0.646352,0.405438,0.646352,0.349803,0.405438,0.844508,0.310709,0.94174,0.128697,0.336314,0.94174,0,-0.128697,0.94174,0.310709,0,0.94174,0.336314,-0.2378,0.94174,0.2378,0.128697,0.94174,0.310709,-0.310709,0.94174,0.128697,-0.336314,0.94174,0,-0.310709,0.94174,-0.128697,-0.2378,0.94174,-0.2378,0.2378,0.94174,-0.2378,0.310709,0.94174,-0.128697,0.2378,0.94174,0.2378],
    "metadata": {
        "generator": "io_three",
        "vertices": 84,
        "uvs": 1,
        "materials": 1,
        "normals": 61,
        "type": "Geometry",
        "faces": 99,
        "version": 3
    },
    "faces": [43,0,1,2,3,0,0,1,2,3,0,1,2,3,43,57,0,3,58,0,4,5,6,7,4,0,3,5,43,56,4,6,61,0,8,9,10,11,4,6,7,8,43,61,6,7,63,0,12,13,14,15,8,7,9,10,43,63,7,5,59,0,16,17,18,19,10,9,11,5,43,27,24,18,17,0,20,21,22,23,12,13,14,15,43,54,25,72,73,0,24,25,26,27,16,17,18,18,43,44,42,9,10,0,28,29,30,31,19,20,21,22,43,47,44,10,23,0,32,28,31,33,23,19,22,24,42,8,10,9,0,34,48,49,25,22,21,42,22,23,10,0,46,47,48,26,24,22,42,20,21,22,0,44,45,46,27,28,26,42,18,19,20,0,42,43,44,14,29,27,42,16,17,18,0,40,41,42,30,15,14,42,14,15,16,0,38,39,40,31,32,30,42,12,13,14,0,36,37,38,33,34,31,42,8,11,12,0,34,35,36,25,35,33,42,8,22,10,0,34,46,48,25,26,22,42,18,20,22,0,42,44,46,14,27,26,42,14,16,18,0,38,40,42,31,30,14,42,8,12,14,0,34,36,38,25,33,31,42,8,18,22,0,34,42,46,25,14,26,42,8,14,18,0,34,38,42,25,31,14,43,42,41,8,9,0,29,50,51,30,20,36,25,21,43,49,47,23,22,0,52,53,54,55,37,23,24,26,43,50,49,22,21,0,56,52,55,57,38,37,26,28,43,52,50,21,20,0,58,56,57,59,39,38,28,27,43,55,52,20,19,0,60,58,59,61,40,39,27,29,43,25,26,80,72,0,25,62,63,26,17,41,18,18,43,29,27,17,16,0,64,20,23,65,42,12,15,30,43,30,29,16,15,0,66,64,65,67,43,42,30,32,43,33,30,15,14,0,68,66,67,69,44,43,32,31,43,34,33,14,13,0,70,68,69,71,45,44,31,34,43,37,34,13,12,0,72,73,74,75,46,45,34,33,43,39,37,12,11,0,76,72,75,77,47,46,33,35,43,41,39,11,8,0,50,76,77,51,36,47,35,25,43,33,34,35,32,0,78,79,80,81,44,45,48,49,43,41,42,43,40,0,82,83,84,85,36,20,50,51,43,55,24,25,54,0,86,87,25,24,40,13,17,16,43,45,43,42,44,0,88,84,83,89,52,50,20,19,43,40,38,39,41,0,85,90,91,82,51,53,47,36,43,46,45,44,47,0,92,88,89,93,54,52,19,23,43,48,46,47,49,0,94,92,93,95,55,54,23,37,43,51,48,49,50,0,96,94,95,97,56,55,37,38,43,53,51,50,52,0,98,96,97,99,57,56,38,39,43,54,53,52,55,0,24,98,99,86,16,57,39,40,43,26,25,24,27,0,62,25,87,100,41,17,13,12,43,28,26,27,29,0,101,62,100,102,58,41,12,42,43,31,28,29,30,0,103,101,102,104,59,58,42,43,43,32,31,30,33,0,81,103,104,78,49,59,43,44,43,36,35,34,37,0,105,80,79,106,60,48,45,46,43,38,36,37,39,0,90,105,106,91,53,60,46,47,43,24,55,19,18,0,107,60,61,108,13,40,29,14,43,2,62,58,3,0,109,110,111,112,2,10,5,3,43,62,63,59,58,0,110,16,19,111,10,10,5,5,43,1,60,62,2,0,113,114,115,116,1,8,10,2,43,60,61,63,62,0,114,12,15,115,8,8,10,10,43,0,57,60,1,0,5,4,117,118,0,4,8,1,43,57,56,61,60,0,4,8,11,117,4,4,8,8,43,4,56,59,5,0,9,8,119,120,6,4,5,11,43,56,57,58,59,0,8,4,7,119,4,4,5,5,42,66,72,80,0,124,26,63,18,18,18,42,65,64,75,0,121,122,130,18,18,18,42,67,66,80,0,123,124,63,18,18,18,42,64,83,75,0,122,129,130,18,18,18,42,67,80,81,0,123,63,125,18,18,18,42,64,68,83,0,122,128,129,18,18,18,42,67,81,82,0,123,125,126,18,18,18,42,64,69,68,0,122,127,128,18,18,18,42,67,82,69,0,123,126,127,18,18,18,42,64,67,69,0,122,123,127,18,18,18,42,73,72,66,0,27,26,124,18,18,18,42,65,75,71,0,121,130,131,18,18,18,42,79,73,66,0,137,27,124,18,18,18,42,65,71,70,0,121,131,132,18,18,18,42,78,79,66,0,136,137,124,18,18,18,42,65,70,74,0,121,132,133,18,18,18,42,65,78,66,0,121,136,124,18,18,18,42,65,74,76,0,121,133,134,18,18,18,42,65,77,78,0,121,135,136,18,18,18,42,65,76,77,0,121,134,135,18,18,18,43,31,32,69,82,0,103,81,127,126,59,49,18,18,43,5,7,67,64,0,138,139,123,122,11,9,18,18,43,45,46,76,74,0,88,92,134,133,52,54,18,18,43,7,6,66,67,0,139,140,124,123,9,7,18,18,43,43,45,74,70,0,84,88,133,132,50,52,18,18,43,51,53,79,78,0,96,98,137,136,56,57,18,18,43,26,28,81,80,0,62,101,125,63,41,58,18,18,43,4,5,64,65,0,17,138,122,121,6,11,18,18,43,35,36,83,68,0,80,105,129,128,48,60,18,18,43,40,43,70,71,0,85,84,132,131,51,50,18,18,43,46,48,77,76,0,92,94,135,134,54,55,18,18,43,6,4,65,66,0,140,17,121,124,7,6,18,18,43,38,40,71,75,0,90,85,131,130,53,51,18,18,43,53,54,73,79,0,98,24,27,137,57,16,18,18,43,36,38,75,83,0,105,90,130,129,60,53,18,18,43,28,31,82,81,0,101,103,126,125,58,59,18,18,43,48,51,78,77,0,94,96,136,135,55,56,18,18,43,32,35,68,69,0,81,80,128,127,49,48,18,18],
    "vertices": [0.5,-0,-0.5,0.5,0,0.5,-0.5,0,0.5,-0.5,-0,-0.5,0.5,1,-0.5,-0.5,1,-0.5,0.5,1,0.5,-0.5,1,0.5,0,0.72656,-0.312275,0.119503,0.72656,-0.288505,0.220812,0.72656,-0.220812,-0.119502,0.72656,-0.288505,-0.220812,0.72656,-0.220812,-0.288505,0.72656,-0.119503,-0.312275,0.72656,-0,-0.288505,0.72656,0.119503,-0.220812,0.72656,0.220812,-0.119502,0.72656,0.288505,0,0.72656,0.312275,0.119503,0.72656,0.288505,0.220812,0.72656,0.220812,0.288505,0.72656,0.119503,0.312275,0.72656,-0,0.288505,0.72656,-0.119503,0,0.979989,0.312275,0,1,0.332678,-0.12731,1,0.307354,-0.119502,0.979989,0.288505,-0.235239,1,0.235239,-0.220812,0.979989,0.220812,-0.288505,0.979989,0.119503,-0.307354,1,0.12731,-0.332678,1,-0,-0.312275,0.979989,-0,-0.288505,0.979989,-0.119503,-0.307354,1,-0.12731,-0.235239,1,-0.235239,-0.220812,0.979989,-0.220812,-0.12731,1,-0.307354,-0.119502,0.979989,-0.288505,0,1,-0.332678,0,0.979989,-0.312275,0.119503,0.979989,-0.288505,0.12731,1,-0.307354,0.220812,0.979989,-0.220812,0.235239,1,-0.235239,0.307354,1,-0.12731,0.288505,0.979989,-0.119503,0.332678,1,-0,0.312275,0.979989,-0,0.288505,0.979989,0.119503,0.307354,1,0.12731,0.220812,0.979989,0.220812,0.235239,1,0.235239,0.12731,1,0.307354,0.119503,0.979989,0.288505,0.5,0.979371,-0.5,0.5,0.020629,-0.5,-0.5,0.020629,-0.5,-0.5,0.979371,-0.5,0.5,0.020629,0.5,0.5,0.979371,0.5,-0.5,0.020629,0.5,-0.5,0.979371,0.5,-0.481007,1,-0.481007,0.481008,1,-0.481007,0.481007,1,0.481008,-0.481008,1,0.481007,-0.329173,1,-0.136348,-0.356295,1,-0,0.136348,1,-0.329173,0,1,-0.356295,0,1,0.356295,0.136348,1,0.329173,0.251939,1,-0.251938,-0.136348,1,-0.329173,0.329174,1,-0.136348,0.356295,1,-0,0.329174,1,0.136348,0.251939,1,0.251938,-0.136348,1,0.329173,-0.251938,1,0.251938,-0.329173,1,0.136348,-0.251938,1,-0.251938],