{
    "name": "Cube.003Geometry",
    "normals": [0.577349,-0.577319,-0.577349,0.577349,-0.577349,0.577319,-0.577319,-0.577349,0.577349,-0.577349,-0.577349,-0.577349,-0.577349,0.577349,-0.577349,-0.577349,0.577319,0.577349,0,1,0,0.707083,0,-0.707083,0.577349,0.577349,-0.577319,0.577319,0.577349,0.577349,0.707083,0,0.707083,-0.707083,0,0.707083,-0.707083,0,-0.707083],
    "metadata": {
        "generator": "io_three",
        "vertices": 20,
        "uvs": 1,
        "materials": 1,
        "normals": 13,
        "type": "Geometry",
        "faces": 18,
        "version": 3
    },
    "faces": [43,0,1,2,3,0,0,1,2,3,0,1,2,3,43,7,6,19,18,0,4,5,6,7,4,5,6,6,43,9,4,5,11,0,8,9,10,11,7,8,9,10,43,11,5,6,13,0,12,13,14,15,10,9,5,11,43,13,6,7,15,0,16,17,18,19,11,5,4,12,43,8,0,3,14,0,20,21,22,23,7,0,3,12,43,4,9,15,7,0,24,25,26,27,8,7,12,4,43,9,8,14,15,0,25,20,23,26,7,7,12,12,43,2,12,14,3,0,28,29,30,31,2,11,12,3,43,12,13,15,14,0,29,16,19,30,11,11,12,12,43,1,10,12,2,0,32,33,34,35,1,10,11,2,43,10,11,13,12,0,33,12,15,34,10,10,11,11,43,0,8,10,1,0,36,37,38,39,0,7,10,1,43,8,9,11,10,0,37,8,11,38,7,7,10,10,43,16,18,19,17,0,40,7,6,41,6,6,6,6,43,4,7,18,16,0,42,4,7,40,8,4,6,6,43,6,5,17,19,0,5,43,41,6,5,9,6,6,43,5,4,16,17,0,43,42,40,41,9,8,6,6],
    "vertices": [0.5,-0,-0.5,0.5,0,0.5,-0.5,0,0.5,-0.5,-0,-0.5,0.5,1,-0.5,0.5,1,0.5,-0.5,1,0.5,-0.5,1,-0.5,0.5,0.023796,-0.5,0.5,0.976204,-0.5,0.5,0.023796,0.5,0.5,0.976204,0.5,-0.5,0.023796,0.5,-0.5,0.976204,0.5,-0.5,0.023796,-0.5,-0.5,0.976204,-0.5,0.480793,1,-0.480793,0.480792,1,0.480793,-0.480793,1,-0.480793,-0.480793,1,0.480793],
    "uvs": [[0,0.666667,0.333333,0.666667,0.333333,1,0,1,1,0.333333,0.666667,0.333333,0.673069,0.326931,0.993598,0.326931,0.333333,0.658735,0.333333,0.666667,0,0.666667,0,0.658735,0.333333,0.007932,0.333333,0,0.666667,0,0.666667,0.007932,0.341266,0.666667,0.333333,0.666667,0.333333,0.333333,0.341266,0.333333,0.333333,0.325401,0.333333,0.333333,0,0.333333,0,0.325401,0.333333,0,0.333333,0.007932,0,0.007932,0,0,0.666667,0.666667,0.658735,0.666667,0.658735,0.333333,0.666667,0.333333,0.333333,0.333333,0.333333,0.325401,0.666667,0.325401,0.666667,0.333333,0.333333,0.333333,0.333333,0.341265,0,0.341266,0,0.333333,0.993598,0.006402,0.673069,0.006402,1,0,0.666667,0]],
    "materials": [{
        "depthWrite": true,
        "blending": "NormalBlending",
        "colorAmbient": [0.64,0.64,0.64],
        "DbgName": "Material",
        "colorEmissive": [0,0,0],
        "colorSpecular": [0.5,0.5,0.5],
        "specularCoef": 50,
        "DbgColor": 15658734,
        "DbgIndex": 0,
        "opacity": 1,
        "depthTest": true,
        "shading": "phong",
        "wireframe": false,
        "visible": true,
        "colorDiffuse": [0.64,0.64,0.64],
        "transparent": false
    }]
}