{
    "name": "Cube.004Geometry",
    "normals": [0.91409,0.405438,0,0.844508,0.405438,0.349803,0.310709,0.94174,0.128697,0.336314,0.94174,0,0,0.405438,0.91409,-0.349803,0.405438,0.844508,-0.128697,0.94174,0.310709,0,0.94174,0.336314,-0.349803,0.405438,-0.844508,0,0.405438,-0.91409,0,0.94174,-0.336314,-0.128697,0.94174,-0.310709,-0.2378,0.94174,0.2378,-0.646352,0.405438,0.646352,0.128697,0.94174,0.310709,0.349803,0.405438,0.844508,-0.310709,0.94174,0.128697,-0.844508,0.405438,0.349803,-0.336314,0.94174,0,-0.91409,0.405438,0,-0.310709,0.94174,-0.128697,-0.844508,0.405438,-0.349803,-0.2378,0.94174,-0.2378,-0.646352,0.405438,-0.646352,0.349803,0.405438,-0.844508,0.128697,0.94174,-0.310709,0.2378,0.94174,-0.2378,0.646352,0.405438,-0.646352,0.310709,0.94174,-0.128697,0.844508,0.405438,-0.349803,0.2378,0.94174,0.2378,0.646352,0.405438,0.646352,0,1,0,-0.285531,0.6657,-0.689383,-0.527635,0.6657,-0.527635,-0.689383,0.6657,0.285531,-0.527635,0.6657,0.527635,0.689383,0.6657,0.285531,0.746178,0.6657,0,-0.689383,0.6657,-0.285531,-0.746178,0.6657,0,0,0.999969,0,-0.285531,0.6657,0.689383,0,0.6657,0.746178,0.285531,0.6657,0.689383,0.689383,0.6657,-0.285531,0.527635,0.6657,-0.527635,0.285531,0.6657,-0.689383,0.527635,0.6657,0.527635,0,0.6657,-0.746178,-0.923856,0,0.382672,-1,0,0,-0.746178,-0.6657,0,-0.689383,-0.6657,0.285531,0.923856,0,-0.382672,1,0,0,0.746178,-0.6657,0,0.689383,-0.6657,-0.285531,-0.923856,0,-0.382672,-0.707083,0,-0.707083,-0.527635,-0.6657,-0.527635,-0.689383,-0.6657,-0.285531,0.923856,0,0.382672,0.689383,-0.6657,0.285531,-0.382672,0,-0.923856,-0.285531,-0.6657,-0.689383,0.707083,0,0.707083,0.527635,-0.6657,0.527635,0,0,-1,0.382672,0,-0.923856,0.285531,-0.6657,-0.689383,0,-0.6657,-0.746178,0.382672,0,0.923856,0.285531,-0.6657,0.689383,0,0,1,0,-0.6657,0.746178,-0.382672,0,0.923856,-0.285531,-0.6657,0.689383,0.707083,0,-0.707083,0.527635,-0.6657,-0.527635,-0.707083,0,0.707083,-0.527635,-0.6657,0.527635],
    "metadata": {
        "generator": "io_three",
        "vertices": 128,
        "uvs": 1,
        "materials": 1,
        "normals": 82,
        "type": "Geometry",
        "faces": 140,
        "version": 3
    },
    "faces": [43,9,10,11,8,0,0,1,2,3,0,1,2,3,43,17,18,19,16,0,4,5,6,7,4,5,6,7,43,31,0,1,30,0,8,9,10,11,8,9,10,11,43,21,19,18,20,0,12,13,14,15,12,6,5,13,43,16,14,15,17,0,16,17,18,19,7,14,15,4,43,22,21,20,23,0,20,12,15,21,16,12,13,17,43,24,22,23,25,0,22,20,21,23,18,16,17,19,43,27,24,25,26,0,24,25,26,27,20,18,19,21,43,29,27,26,28,0,28,29,30,31,22,20,21,23,43,30,29,28,31,0,32,28,31,33,11,22,23,8,43,0,3,2,1,0,36,37,34,35,9,24,25,10,43,4,2,3,5,0,38,34,37,39,26,25,24,27,43,7,4,5,6,0,40,38,39,41,28,26,27,29,43,8,7,6,9,0,42,40,41,43,3,28,29,0,43,12,11,10,13,0,44,45,46,47,30,2,1,31,43,14,12,13,15,0,17,44,47,18,14,30,31,15,43,113,112,39,38,0,48,49,50,51,32,32,33,34,43,115,114,35,34,0,52,53,54,55,32,32,35,36,43,117,116,45,44,0,56,57,58,59,32,32,37,38,43,119,118,37,36,0,60,61,62,63,32,32,39,40,43,121,120,33,32,0,64,65,66,67,41,32,42,43,43,122,121,32,47,0,68,64,67,69,32,41,43,44,43,114,119,36,35,0,53,60,63,54,32,32,40,35,43,124,123,43,42,0,70,71,72,73,32,32,45,46,43,125,124,42,41,0,74,70,73,75,32,32,46,47,43,116,126,46,45,0,57,76,77,58,32,32,48,37,43,120,115,34,33,0,65,52,55,66,32,32,36,42,43,118,113,38,37,0,61,48,51,62,32,32,34,39,43,127,125,41,40,0,78,74,75,79,32,32,47,49,43,123,117,44,43,0,71,56,59,72,32,32,38,45,43,112,127,40,39,0,49,78,79,50,32,32,49,33,43,126,122,47,46,0,76,68,69,77,32,32,44,48,43,82,81,52,51,0,80,81,82,83,50,51,52,53,43,86,85,60,59,0,84,85,86,87,54,55,56,57,43,90,89,54,53,0,88,89,90,91,58,59,60,61,43,85,93,61,60,0,85,92,93,86,55,62,63,56,43,81,90,53,52,0,81,88,91,82,51,58,61,52,43,89,95,55,54,0,94,95,96,97,59,64,65,60,43,93,97,62,61,0,92,98,99,93,62,66,67,63,43,100,99,57,56,0,100,101,102,103,68,69,70,71,43,97,103,63,62,0,104,105,106,107,66,72,73,67,43,103,105,48,63,0,105,108,109,106,72,74,75,73,43,105,107,49,48,0,108,110,111,109,74,76,77,75,43,99,109,58,57,0,101,112,113,102,69,78,79,70,43,107,111,50,49,0,110,114,115,111,76,80,81,77,43,95,100,56,55,0,95,100,103,96,64,68,71,65,43,111,82,51,50,0,114,116,117,115,80,50,53,81,43,109,86,59,58,0,118,84,87,119,78,54,57,79,42,53,51,52,0,120,134,135,61,53,52,42,49,50,51,0,132,133,134,77,81,53,42,63,48,49,0,130,131,132,73,75,77,42,61,62,63,0,128,129,130,63,67,73,42,59,60,61,0,126,127,128,57,56,63,42,57,58,59,0,124,125,126,70,79,57,42,55,56,57,0,122,123,124,65,71,70,42,53,54,55,0,120,121,122,61,60,65,42,53,49,51,0,120,132,134,61,77,53,42,61,63,49,0,128,130,132,63,73,77,42,57,59,61,0,124,126,128,70,57,63,42,53,55,57,0,120,122,124,61,65,70,42,53,61,49,0,120,128,132,61,63,77,42,53,57,61,0,120,124,128,61,70,63,43,0,31,79,64,0,9,8,136,137,9,8,33,49,43,17,15,71,72,0,4,138,139,140,4,15,44,43,43,15,13,70,71,0,138,141,142,139,15,31,48,44,43,6,5,66,67,0,143,144,145,146,29,27,46,45,43,26,25,76,77,0,27,26,147,148,21,19,40,39,43,3,0,64,65,0,149,9,137,150,24,9,49,47,43,9,6,67,68,0,0,143,146,151,0,29,45,38,43,18,17,72,73,0,5,4,140,152,5,4,43,42,43,23,20,74,75,0,153,154,155,156,17,13,36,35,43,20,18,73,74,0,154,5,152,155,13,5,42,36,43,28,26,77,78,0,157,27,148,158,23,21,39,34,43,5,3,65,66,0,159,149,150,160,27,24,47,46,43,13,10,69,70,0,161,1,162,163,31,1,37,48,43,25,23,75,76,0,26,164,165,147,19,17,35,40,43,10,9,68,69,0,1,0,151,162,1,0,38,37,43,31,28,78,79,0,8,166,167,136,8,23,34,33,42,68,70,69,0,168,182,183,38,48,37,42,72,71,70,0,180,181,182,43,44,48,42,74,73,72,0,178,179,180,36,42,43,42,76,75,74,0,176,177,178,40,35,36,42,78,77,76,0,174,175,176,34,39,40,42,64,79,78,0,172,173,174,49,33,34,42,66,65,64,0,170,171,172,46,47,49,42,68,67,66,0,168,169,170,38,45,46,42,68,72,70,0,168,180,182,38,43,48,42,76,74,72,0,176,178,180,40,36,43,42,64,78,76,0,172,174,176,49,34,40,42,68,66,64,0,168,170,172,38,46,49,42,68,76,72,0,168,176,180,38,40,43,42,68,64,76,0,168,172,176,38,49,40,43,42,43,87,108,0,184,185,186,187,46,45,54,78,43,108,87,86,109,0,187,186,84,118,78,54,54,78,43,34,35,83,110,0,188,189,190,191,36,35,50,80,43,110,83,82,111,0,191,190,116,114,80,50,50,80,43,39,40,101,94,0,192,193,194,195,33,49,68,64,43,94,101,100,95,0,195,194,100,95,64,68,68,64,43,33,34,110,106,0,196,188,191,197,42,36,80,76,43,106,110,111,107,0,197,191,114,110,76,80,80,76,43,41,42,108,98,0,198,99,199,200,47,46,78,69,43,98,108,109,99,0,200,199,112,101,69,78,78,69,43,32,33,106,104,0,201,196,197,202,43,42,76,74,43,104,106,107,105,0,202,197,110,108,74,76,76,74,43,47,32,104,102,0,203,201,202,204,44,43,74,72,43,102,104,105,103,0,204,202,108,105,72,74,74,72,43,46,47,102,96,0,205,203,204,206,48,44,72,66,43,96,102,103,97,0,206,204,105,104,66,72,72,66,43,40,41,98,101,0,193,198,200,194,49,47,69,68,43,101,98,99,100,0,194,200,101,100,68,69,69,68,43,45,46,96,92,0,207,208,209,210,37,48,66,62,43,92,96,97,93,0,210,209,98,92,62,66,66,62,43,38,39,94,88,0,211,192,195,212,34,33,64,59,43,88,94,95,89,0,212,195,95,94,59,64,64,59,43,36,37,91,80,0,213,214,215,216,40,39,58,51,43,80,91,90,81,0,216,215,88,81,51,58,58,51,43,44,45,92,84,0,217,207,210,218,38,37,62,55,43,84,92,93,85,0,218,210,92,85,55,62,62,55,43,37,38,88,91,0,214,219,220,215,39,34,59,58,43,91,88,89,90,0,215,220,89,88,58,59,59,58,43,43,44,84,87,0,185,217,218,186,45,38,55,54,43,87,84,85,86,0,186,218,85,84,54,55,55,54,43,35,36,80,83,0,221,213,216,222,35,40,51,50,43,83,80,81,82,0,222,216,81,80,50,51,51,50,43,29,30,122,126,0,28,32,68,76,22,11,32,32,43,14,16,127,112,0,17,16,78,49,14,7,32,32,43,22,24,117,123,0,20,22,56,71,16,18,32,32,43,16,19,125,127,0,16,13,74,78,7,6,32,32,43,11,12,113,118,0,45,44,48,61,2,30,32,32,43,2,4,115,120,0,34,38,52,65,25,26,32,32,43,27,29,126,116,0,29,28,76,57,20,22,32,32,43,19,21,124,125,0,13,12,70,74,6,12,32,32,43,21,22,123,124,0,12,20,71,70,12,16,32,32,43,7,8,119,114,0,40,42,60,53,28,3,32,32,43,30,1,121,122,0,32,35,64,68,11,10,41,32,43,1,2,120,121,0,35,34,65,64,10,25,32,41,43,8,11,118,119,0,42,45,61,60,3,2,32,32,43,24,27,116,117,0,22,29,57,56,18,20,32,32,43,4,7,114,115,0,38,40,53,52,26,28,32,32,43,12,14,112,113,0,44,17,49,48,30,14,32,32],