{
    "name": "Cube.007Geometry",
    "normals": [0.91409,0.405438,0,0.844508,0.405438,0.349803,0.310709,0.94174,0.128697,0.336314,0.94174,0,0,0.405438,0.91409,-0.349803,0.405438,0.844508,-0.128697,0.94174,0.310709,0,0.94174,0.336314,-0.349803,0.405438,-0.844508,0,0.405438,-0.91409,0,0.94174,-0.336314,-0.128697,0.94174,-0.310709,-0.2378,0.94174,0.2378,-0.646352,0.405438,0.646352,0.128697,0.94174,0.310709,0.349803,0.405438,0.844508,-0.310709,0.94174,0.128697,-0.844508,0.405438,0.349803,-0.336314,0.94174,0,-0.91409,0.405438,0,-0.310709,0.94174,-0.128697,-0.844508,0.405438,-0.349803,-0.2378,0.94174,-0.2378,-0.646352,0.405438,-0.646352,0.349803,0.405438,-0.844508,0.128697,0.94174,-0.310709,0.2378,0.94174,-0.2378,0.646352,0.405438,-0.646352,0.310709,0.94174,-0.128697,0.844508,0.405438,-0.349803,0.2378,0.94174,0.2378,0.646352,0.405438,0.646352,0,1,0,-0.285531,0.6657,-0.689383,-0.527635,0.6657,-0.527635,-0.689383,0.6657,0.285531,-0.527635,0.6657,0.527635,0.689383,0.6657,0.285531,0.746178,0.6657,0,-0.689383,0.6657,-0.285531,-0.746178,0.6657,0,-0.285531,0.6657,0.689383,0,0.6657,0.746178,0.285531,0.6657,0.689383,0.689383,0.6657,-0.285531,0.527635,0.6657,-0.527635,0.285531,0.6657,-0.689383,0.527635,0.6657,0.527635,0,0.6657,-0.746178,-0.923856,0,0.382672,-1,0,0,-0.746178,-0.6657,0,-0.689383,-0.6657,0.285531,0.923856,0,-0.382672,0.999969,0,0,0.746178,-0.6657,0,0.689383,-0.6657,-0.285531,-0.923856,0,-0.382672,-0.707083,0,-0.707083,-0.527635,-0.6657,-0.527635,-0.689383,-0.6657,-0.285531,0.923856,0,0.382672,0.689383,-0.6657,0.285531,-0.382672,0,-0.923856,-0.285531,-0.6657,-0.689383,0.707083,0,0.707083,0.527635,-0.6657,0.527635,0,0,-0.999969,0.382672,0,-0.923856,0.285531,-0.6657,-0.689383,0,-0.6657,-0.746178,0.382672,0,0.923856,0.285531,-0.6657,0.689383,0,0,1,0,-0.6657,0.746178,-0.382672,0,0.923856,-0.285531,-0.6657,0.689383,0.707083,0,-0.707083,0.527635,-0.6657,-0.527635,-0.707083,0,0.707083,-0.527635,-0.6657,0.527635],
    "metadata": {
        "generator": "io_three",
        "vertices": 128,
        "uvs": 1,
        "materials": 1,
        "normals": 81,
        "type": "Geometry",
        "faces": 140,
        "version": 3
    },
    "faces": [43,9,10,11,8,0,0,1,2,3,0,1,2,3,43,17,18,19,16,0,4,5,6,7,4,5,6,7,43,31,0,1,30,0,8,9,10,11,8,9,10,11,43,21,19,18,20,0,12,6,5,13,12,6,5,13,43,16,14,15,17,0,7,14,15,4,7,14,15,4,43,22,21,20,23,0,16,12,13,17,16,12,13,17,43,24,22,23,25,0,18,16,17,19,18,16,17,19,43,27,24,25,26,0,20,18,19,21,20,18,19,21,43,29,27,26,28,0,22,20,21,23,22,20,21,23,43,30,29,28,31,0,11,22,23,8,11,22,23,8,43,0,3,2,1,0,9,25,24,10,9,24,25,10,43,4,2,3,5,0,26,24,25,27,26,25,24,27,43,7,4,5,6,0,28,26,27,29,28,26,27,29,43,8,7,6,9,0,3,28,29,0,3,28,29,0,43,12,11,10,13,0,30,2,1,31,30,2,1,31,43,14,12,13,15,0,14,30,31,15,14,30,31,15,43,113,112,39,38,0,32,33,34,35,32,32,33,34,43,115,114,35,34,0,36,37,38,39,32,32,35,36,43,117,116,45,44,0,40,41,42,43,32,32,37,38,43,119,118,37,36,0,44,45,46,47,32,32,39,40,43,121,120,33,32,0,48,49,50,51,32,32,41,42,43,122,121,32,47,0,52,48,51,53,32,32,42,43,43,114,119,36,35,0,37,44,47,38,32,32,40,35,43,124,123,43,42,0,54,55,56,57,32,32,44,45,43,125,124,42,41,0,58,54,57,59,32,32,45,46,43,116,126,46,45,0,41,60,61,42,32,32,47,37,43,120,115,34,33,0,49,36,39,50,32,32,36,41,43,118,113,38,37,0,45,32,35,46,32,32,34,39,43,127,125,41,40,0,62,58,59,63,32,32,46,48,43,123,117,44,43,0,55,40,43,56,32,32,38,44,43,112,127,40,39,0,33,62,63,34,32,32,48,33,43,126,122,47,46,0,60,52,53,61,32,32,43,47,43,82,81,52,51,0,64,65,66,67,49,50,51,52,43,86,85,60,59,0,68,69,70,71,53,54,55,56,43,90,89,54,53,0,72,73,74,75,57,58,59,60,43,85,93,61,60,0,69,76,77,70,54,61,62,55,43,81,90,53,52,0,65,72,75,66,50,57,60,51,43,89,95,55,54,0,78,79,80,81,58,63,64,59,43,93,97,62,61,0,76,82,83,77,61,65,66,62,43,100,99,57,56,0,84,85,86,87,67,68,69,70,43,97,103,63,62,0,88,89,90,91,65,71,72,66,43,103,105,48,63,0,89,92,93,90,71,73,74,72,43,105,107,49,48,0,92,94,95,93,73,75,76,74,43,99,109,58,57,0,85,96,97,86,68,77,78,69,43,107,111,50,49,0,94,98,99,95,75,79,80,76,43,95,100,56,55,0,79,84,87,80,63,67,70,64,43,111,82,51,50,0,98,100,101,99,79,49,52,80,43,109,86,59,58,0,102,68,71,103,77,53,56,78,42,53,51,52,0,104,118,119,60,52,51,42,49,50,51,0,116,117,118,76,80,52,42,63,48,49,0,114,115,116,72,74,76,42,61,62,63,0,112,113,114,62,66,72,42,59,60,61,0,110,111,112,56,55,62,42,57,58,59,0,108,109,110,69,78,56,42,55,56,57,0,106,107,108,64,70,69,42,53,54,55,0,104,105,106,60,59,64,42,53,49,51,0,104,116,118,60,76,52,42,61,63,49,0,112,114,116,62,72,76,42,57,59,61,0,108,110,112,69,56,62,42,53,55,57,0,104,106,108,60,64,69,42,53,61,49,0,104,112,116,60,62,76,42,53,57,61,0,104,108,112,60,69,62,43,0,31,79,64,0,120,121,122,123,9,8,33,48,43,17,15,71,72,0,124,125,126,127,4,15,43,42,43,15,13,70,71,0,125,128,129,126,15,31,47,43,43,6,5,66,67,0,130,131,132,133,29,27,45,44,43,26,25,76,77,0,123,122,134,135,21,19,40,39,43,3,0,64,65,0,136,120,123,137,24,9,48,46,43,9,6,67,68,0,138,130,133,139,0,29,44,38,43,18,17,72,73,0,140,124,127,141,5,4,42,41,43,23,20,74,75,0,142,143,144,145,17,13,36,35,43,20,18,73,74,0,143,140,141,144,13,5,41,36,43,28,26,77,78,0,137,123,135,146,23,21,39,34,43,5,3,65,66,0,147,136,137,148,27,24,46,45,43,13,10,69,70,0,149,150,151,152,31,1,37,47,43,25,23,75,76,0,122,153,154,134,19,17,35,40,43,10,9,68,69,0,150,138,139,151,1,0,38,37,43,31,28,78,79,0,121,155,153,122,8,23,34,33,42,68,70,69,0,156,170,171,38,47,37,42,72,71,70,0,168,169,170,42,43,47,42,74,73,72,0,166,167,168,36,41,42,42,76,75,74,0,164,165,166,40,35,36,42,78,77,76,0,162,163,164,34,39,40,42,64,79,78,0,160,161,162,48,33,34,42,66,65,64,0,158,159,160,45,46,48,42,68,67,66,0,156,157,158,38,44,45,42,68,72,70,0,156,168,170,38,42,47,42,76,74,72,0,164,166,168,40,36,42,42,64,78,76,0,160,162,164,48,34,40,42,68,66,64,0,156,158,160,38,45,48,42,68,76,72,0,156,164,168,38,40,42,42,68,64,76,0,156,160,164,38,48,40,43,42,43,87,108,0,172,173,174,175,45,44,53,77,43,108,87,86,109,0,175,174,68,102,77,53,53,77,43,34,35,83,110,0,176,177,178,179,36,35,49,79,43,110,83,82,111,0,179,178,100,98,79,49,49,79,43,39,40,101,94,0,180,181,182,183,33,48,67,63,43,94,101,100,95,0,183,182,84,79,63,67,67,63,43,33,34,110,106,0,184,176,179,185,41,36,79,75,43,106,110,111,107,0,185,179,98,94,75,79,79,75,43,41,42,108,98,0,186,187,188,189,46,45,77,68,43,98,108,109,99,0,189,188,96,85,68,77,77,68,43,32,33,106,104,0,190,184,185,191,42,41,75,73,43,104,106,107,105,0,191,185,94,92,73,75,75,73,43,47,32,104,102,0,192,190,191,193,43,42,73,71,43,102,104,105,103,0,193,191,92,89,71,73,73,71,43,46,47,102,96,0,194,192,193,195,47,43,71,65,43,96,102,103,97,0,195,193,89,88,65,71,71,65,43,40,41,98,101,0,181,186,189,182,48,46,68,67,43,101,98,99,100,0,182,189,85,84,67,68,68,67,43,45,46,96,92,0,196,197,198,199,37,47,65,61,43,92,96,97,93,0,199,198,82,76,61,65,65,61,43,38,39,94,88,0,200,180,183,201,34,33,63,58,43,88,94,95,89,0,201,183,79,78,58,63,63,58,43,36,37,91,80,0,202,203,204,205,40,39,57,50,43,80,91,90,81,0,205,204,72,65,50,57,57,50,43,44,45,92,84,0,206,196,199,207,38,37,61,54,43,84,92,93,85,0,207,199,76,69,54,61,61,54,43,37,38,88,91,0,203,208,209,204,39,34,58,57,43,91,88,89,90,0,204,209,73,72,57,58,58,57,43,43,44,84,87,0,173,206,207,174,44,38,54,53,43,87,84,85,86,0,174,207,69,68,53,54,54,53,43,35,36,80,83,0,210,202,205,211,35,40,50,49,43,83,80,81,82,0,211,205,65,64,49,50,50,49,43,29,30,122,126,0,22,11,52,60,22,11,32,32,43,14,16,127,112,0,14,7,62,33,14,7,32,32,43,22,24,117,123,0,16,18,40,55,16,18,32,32,43,16,19,125,127,0,7,6,58,62,7,6,32,32,43,11,12,113,118,0,2,30,32,45,2,30,32,32,43,2,4,115,120,0,24,26,36,49,25,26,32,32,43,27,29,126,116,0,20,22,60,41,20,22,32,32,43,19,21,124,125,0,6,12,54,58,6,12,32,32,43,21,22,123,124,0,12,16,55,54,12,16,32,32,43,7,8,119,114,0,28,3,44,37,28,3,32,32,43,30,1,121,122,0,11,10,48,52,11,10,32,32,43,1,2,120,121,0,10,24,49,48,10,25,32,32,43,8,11,118,119,0,3,2,45,44,3,2,32,32,43,24,27,116,117,0,18,20,41,40,18,20,32,32,43,4,7,114,115,0,26,28,37,36,26,28,32,32,43,12,14,112,113,0,30,14,33,32,30,14,32,32],