{
    "name": "Cube.006Geometry",
    "normals": [0.285531,0.6657,0.689383,0.527635,0.6657,0.527635,0,1,0,-0.923856,0,0.382672,-1,0,0,-0.746178,-0.6657,0,-0.689383,-0.6657,0.285531,0.923856,0,-0.382672,0.999969,0,0,0.746178,-0.6657,0,0.689383,-0.6657,-0.285531,-0.923856,0,-0.382672,-0.707083,0,-0.707083,-0.527635,-0.6657,-0.527635,-0.689383,-0.6657,-0.285531,0.923856,0,0.382672,0.689383,-0.6657,0.285531,-0.382672,0,-0.923856,-0.285531,-0.6657,-0.689383,0.707083,0,0.707083,0.527635,-0.6657,0.527635,0,0,-0.999969,0.382672,0,-0.923856,0.285531,-0.6657,-0.689383,0,-0.6657,-0.746178,0.382672,0,0.923856,0.285531,-0.6657,0.689383,0,0,1,0,-0.6657,0.746178,-0.382672,0,0.923856,-0.285531,-0.6657,0.689383,0.707083,0,-0.707083,0.527635,-0.6657,-0.527635,-0.707083,0,0.707083,-0.527635,-0.6657,0.527635,0.527635,0.6657,-0.527635,0.689383,0.6657,-0.285531,-0.527635,0.6657,0.527635,-0.689383,0.6657,0.285531,-0.285531,0.6657,-0.689383,0,0.6657,-0.746178,-0.285531,0.6657,0.689383,0.285531,0.6657,-0.689383,0,0.6657,0.746178,0.689383,0.6657,0.285531,-0.527635,0.6657,-0.527635,-0.746178,0.6657,0,-0.689383,0.6657,-0.285531,0.746178,0.6657,0,0,0.999969,0],
    "metadata": {
        "generator": "io_three",
        "vertices": 80,
        "uvs": 1,
        "materials": 1,
        "normals": 50,
        "type": "Geometry",
        "faces": 92,
        "version": 3
    },
    "faces": [43,15,14,78,79,0,0,1,2,3,0,1,2,2,43,34,33,20,19,0,4,5,6,7,3,4,5,6,43,38,37,28,27,0,8,9,10,11,7,8,9,10,43,42,41,22,21,0,12,13,14,15,11,12,13,14,43,37,45,29,28,0,9,16,17,10,8,15,16,9,43,33,42,21,20,0,5,12,15,6,4,11,14,5,43,41,47,23,22,0,18,19,20,21,12,17,18,13,43,45,49,30,29,0,16,22,23,17,15,19,20,16,43,52,51,25,24,0,24,25,26,27,21,22,23,24,43,49,55,31,30,0,28,29,30,31,19,25,26,20,43,55,57,16,31,0,29,32,33,30,25,27,28,26,43,57,59,17,16,0,32,34,35,33,27,29,30,28,43,51,61,26,25,0,25,36,37,26,22,31,32,23,43,59,63,18,17,0,34,38,39,35,29,33,34,30,43,47,52,24,23,0,19,24,27,20,17,21,24,18,43,63,34,19,18,0,40,4,7,41,33,3,6,34,43,61,38,27,26,0,42,8,11,43,31,7,10,32,42,21,19,20,0,44,58,59,14,6,5,42,17,18,19,0,56,57,58,30,34,6,42,31,16,17,0,54,55,56,26,28,30,42,29,30,31,0,52,53,54,16,20,26,42,27,28,29,0,50,51,52,10,9,16,42,25,26,27,0,48,49,50,23,32,10,42,23,24,25,0,46,47,48,18,24,23,42,21,22,23,0,44,45,46,14,13,18,42,21,17,19,0,44,56,58,14,30,6,42,29,31,17,0,52,54,56,16,26,30,42,25,27,29,0,48,50,52,23,10,16,42,21,23,25,0,44,46,48,14,18,23,42,21,29,17,0,44,52,56,14,16,30,42,21,25,29,0,44,48,52,14,23,16,43,10,11,39,60,0,60,61,62,63,35,36,7,31,43,60,39,38,61,0,63,62,8,42,31,7,7,31,43,2,3,35,62,0,64,65,66,67,37,38,3,33,43,62,35,34,63,0,67,66,4,40,33,3,3,33,43,7,8,53,46,0,68,69,70,71,39,40,21,17,43,46,53,52,47,0,71,70,24,19,17,21,21,17,43,1,2,62,58,0,72,73,74,75,41,37,33,29,43,58,62,63,59,0,75,74,38,34,29,33,33,29,43,9,10,60,50,0,76,77,78,79,42,35,31,22,43,50,60,61,51,0,79,78,36,25,22,31,31,22,43,0,1,58,56,0,80,72,75,81,43,41,29,27,43,56,58,59,57,0,81,75,34,32,27,29,29,27,43,15,0,56,54,0,82,80,81,83,0,43,27,25,43,54,56,57,55,0,83,81,32,29,25,27,27,25,43,14,15,54,48,0,84,82,83,85,1,0,25,19,43,48,54,55,49,0,85,83,29,28,19,25,25,19,43,8,9,50,53,0,69,76,79,70,40,42,22,21,43,53,50,51,52,0,70,79,25,24,21,22,22,21,43,13,14,48,44,0,86,87,88,89,44,1,19,15,43,44,48,49,45,0,89,88,22,16,15,19,19,15,43,6,7,46,40,0,90,68,71,91,45,39,17,12,43,40,46,47,41,0,91,71,19,18,12,17,17,12,43,4,5,43,32,0,92,93,94,95,46,47,11,4,43,32,43,42,33,0,95,94,12,5,4,11,11,4,43,12,13,44,36,0,96,86,89,97,48,44,15,8,43,36,44,45,37,0,97,89,16,9,8,15,15,8,43,5,6,40,43,0,93,98,99,94,47,45,12,11,43,43,40,41,42,0,94,99,13,12,11,12,12,11,43,11,12,36,39,0,61,96,97,62,36,48,8,7,43,39,36,37,38,0,62,97,9,8,7,8,8,7,43,3,4,32,35,0,65,92,95,66,38,46,4,3,43,35,32,33,34,0,66,95,5,4,3,4,4,3,42,69,71,70,0,100,112,113,49,2,2,42,73,72,71,0,110,111,112,2,2,2,42,75,74,73,0,108,109,110,2,2,2,42,77,76,75,0,106,107,108,2,2,2,42,79,78,77,0,3,2,106,2,2,2,42,65,64,79,0,104,105,3,2,2,2,42,67,66,65,0,102,103,104,2,2,2,42,69,68,67,0,100,101,102,49,2,2,42,69,73,71,0,100,110,112,49,2,2,42,77,75,73,0,106,108,110,2,2,2,42,65,79,77,0,104,3,106,2,2,2,42,69,67,65,0,100,102,104,49,2,2,42,69,77,73,0,100,106,110,49,2,2,42,69,65,77,0,100,104,106,49,2,2,43,0,15,79,64,0,114,0,3,105,43,0,2,2,43,1,0,64,65,0,115,114,105,104,41,43,2,2,43,10,9,73,74,0,116,117,110,109,35,42,2,2,43,2,1,65,66,0,118,115,104,103,37,41,2,2,43,8,7,71,72,0,119,120,112,111,40,39,2,2,43,3,2,66,67,0,121,118,103,102,38,37,2,2,43,11,10,74,75,0,122,116,109,108,36,35,2,2,43,4,3,67,68,0,123,121,102,101,46,38,2,2,43,12,11,75,76,0,124,122,108,107,48,36,2,2,43,6,5,69,70,0,125,126,100,113,45,47,49,2,43,13,12,76,77,0,127,124,107,106,44,48,2,2,43,5,4,68,69,0,126,123,101,100,47,46,2,49,43,7,6,70,71,0,120,125,113,112,39,45,2,2,43,14,13,77,78,0,1,127,106,2,1,44,2,2,43,9,8,72,73,0,117,119,111,110,42,40,2,2],
    "vertices": [0,1,0.494891,-0.189386,1,0.457219,-0.34994,1,0.349941,-0.457219,1,0.189387,-0.494891,1,-0,-0.457219,1,-0.189387,-0.34994,1,-0.349941,-0.189386,1,-0.457219,0,1,-0.494891,0.189387,1,-0.457219,0.349941,1,-0.349941,0.457219,1,-0.189387,0.494891,1,-0,0.457219,1,0.189386,0.349941,1,0.349941,0.189387,1,0.457219,0,-0.000677,0.494891,-0.189386,-0.000677,0.457219,-0.34994,-0.000677,0.349941,-0.457219,-0.000677,0.189387,-0.494891,-0.000677,-0,-0.457219,-0.000677,-0.189387,-0.34994,-0.000677,-0.349941,-0.189386,-0.000677,-0.457219,0,-0.000677,-0.494891,0.189387,-0.000677,-0.457219,0.349941,-0.000677,-0.34994,0.457219,-0.000677,-0.189386,0.494891,-0.000677,0,0.457219,-0.000677,0.189387,0.349941,-0.000677,0.349941,0.189387,-0.000677,0.457219,-0.494891,0.971956,-0,-0.494891,0.027367,-0,-0.457219,0.027367,0.189387,-0.457219,0.971956,0.189387,0.494891,0.971956,-0,0.494891,0.027367,0,0.457219,0.027367,-0.189386,0.457219,0.971956,-0.189387,-0.34994,0.971956,-0.349941,-0.34994,0.027367,-0.349941,-0.457219,0.027367,-0.189387,-0.457219,0.971956,-0.189387,0.457219,0.971956,0.189386,0.457219,0.027367,0.189387,-0.189386,0.971956,-0.457219,-0.189386,0.027367,-0.457219,0.349941,0.971956,0.349941,0.349941,0.027367,0.349941,0.189387,0.971956,-0.457219,0.189387,0.027367,-0.457219,0,0.027367,-0.494891,0,0.971956,-0.494891,0.189387,0.971956,0.457219,0.189387,0.027367,0.457219,0,0.971956,0.494891,0,0.027367,0.494891,-0.189386,0.971956,0.457219,-0.189386,0.027367,0.457219,0.349941,0.971956,-0.349941,0.349941,0.027367,-0.34994,-0.34994,0.971956,0.349941,-0.34994,0.027367,0.349941,0,1,0.470925,-0.180215,1,0.435078,-0.332994,1,0.332994,-0.435078,1,0.180215,-0.470925,1,-0,-0.435078,1,-0.180215,-0.332994,1,-0.332994,-0.180215,1,-0.435078,0,1,-0.470925,0.180215,1,-0.435078,0.332995,1,-0.332994,0.435078,1,-0.180215,0.470925,1,-0,0.435078,1,0.180215,0.332995,1,0.332994,0.180215,1,0.435078],