{
    "vertices": [-2.4e-05,398.475,-858.946,-429.473,398.475,-743.869,-743.869,398.475,-429.473,-858.946,398.475,-0.000108,-743.869,398.475,429.473,-429.473,398.475,743.869,-0.000153,398.475,858.945,429.473,398.475,743.869,743.869,398.475,429.473,858.946,398.475,0.000254,743.869,398.475,-429.473,429.473,398.475,-743.869,-2.4e-05,-479.692,-858.946,-429.473,-479.692,-743.869,-743.869,-479.692,-429.473,-858.946,-479.692,-6.9e-05,-743.869,-479.692,429.473,-429.473,-479.692,743.869,-0.000153,-479.692,858.945,429.473,-479.692,743.869,743.869,-479.692,429.473,858.946,-479.692,0.000293,743.869,-479.692,-429.473,429.473,-479.692,-743.869],
    "name": "Circle.003Geometry.3",
    "uvs": [[0.333347,0.98331,0.333347,0.024199,0.250021,0.024199,0.250021,0.98331,0.916632,0.983309,0.916631,0.024199,0.833305,0.024199,0.833305,0.98331,0.083368,0.98331,0.083368,0.024199,4.2e-05,0.024199,4.2e-05,0.98331,0.666653,0.98331,0.666653,0.024199,0.583326,0.024199,0.583326,0.98331,0.416674,0.98331,0.416674,0.024199,0.999958,0.983309,0.999958,0.024198,0.166695,0.98331,0.166695,0.024199,0.749979,0.98331,0.749979,0.024199,0.5,0.98331,0.5,0.024199]],
    "materials": [{
        "shading": "phong",
        "colorDiffuse": [0.64,0.64,0.64],
        "wireframe": false,
        "specularCoef": 50,
        "opacity": 1,
        "DbgIndex": 0,
        "colorEmissive": [0,0,0],
        "blending": "NormalBlending",
        "transparent": false,
        "colorSpecular": [0.5,0.5,0.5],
        "DbgName": "Material.004",
        "DbgColor": 15658734,
        "depthWrite": true,
        "colorAmbient": [0.64,0.64,0.64],
        "depthTest": true,
        "visible": true
    }],
    "normals": [0.866024,0,-0.499985,1,0,0,-0.499985,0,0.866024,-0.866024,0,0.499985,0,0,0.999969,0.499985,0,0.866024,-0.866024,0,-0.499985,-0.499985,0,-0.866024,0.499985,0,-0.866024,0.866024,0,0.499985,-1,0,0,0,0,-0.999969],
    "faces": [43,4,16,15,3,0,0,1,2,3,0,0,1,1,43,11,23,22,10,0,4,5,6,7,2,2,3,3,43,12,0,1,13,0,10,11,8,9,4,4,5,5,43,8,20,19,7,0,12,13,14,15,6,6,7,7,43,5,17,16,4,0,16,17,1,0,8,8,0,0,43,0,12,23,11,0,18,19,5,4,4,4,2,2,43,2,14,13,1,0,20,21,9,8,9,9,5,5,43,9,21,20,8,0,22,23,13,12,10,10,6,6,43,6,18,17,5,0,24,25,17,16,11,11,8,8,43,3,15,14,2,0,3,2,21,20,1,1,9,9,43,10,22,21,9,0,7,6,23,22,3,3,10,10,43,7,19,18,6,0,15,14,25,24,7,7,11,11],
    "metadata": {
        "uvs": 1,
        "version": 3,
        "normals": 12,
        "faces": 12,
        "vertices": 24,
        "materials": 1,
        "generator": "io_three",
        "type": "Geometry"
    }
}