{
    "normals": [-0.807428,0.543138,-0.230232,-0.649373,0.731895,-0.206458,-0.653401,0.72808,-0.207129,-0.456404,0.873165,-0.170965,-0.333689,0.942656,0,-0.545122,0.811243,0.211402,-0.086673,0.97354,-0.211402,0,1,0,0.048921,0.946654,0.318461,-0.048921,0.946654,-0.318461,0.564379,0.813288,0.141362,0.688101,0.644215,0.333842,0.582385,0.79574,0.166112,0.418592,0.907407,-0.036531,0.343547,0.890072,-0.299509,0.524552,0.757195,-0.389203,0.339091,0.892544,-0.297189,0.13773,0.972137,-0.189642,0,0.867794,-0.496872,-0.062563,0.664479,-0.744652,0.062563,0.978576,-0.196081,-0.090182,0.78048,-0.61858,-0.350719,0.568834,-0.743889,-0.021058,0.818934,-0.573443,0.242866,0.901639,-0.357768,-0.111087,0.765496,-0.633747,-0.503861,0.650258,-0.568529,-0.064852,0.770318,-0.634297,0.337291,0.740959,-0.580676,-0.345805,0.854732,0.387005,-0.691092,0.567522,0.447493,-0.428327,0.806574,0.407331,-0.010132,0.960326,0.278634,0.406873,0.89465,0.184393,0.316507,0.703696,0.636067,0.402661,0.886135,0.229286,0.401868,0.876675,-0.264382,0.688375,0.667531,-0.28367,0.895444,0.439741,-0.06888,0.773644,0.597186,-0.211646,0.507218,0.763665,-0.399365,-0.157476,0.826411,-0.540544,0.001251,0.557604,-0.830073,-0.132145,0.790857,-0.597522,-0.267861,0.936613,-0.225776],
    "materials": [{
        "specularCoef": 1,
        "colorSpecular": [0.1,0.1,0.1],
        "opacity": 1,
        "colorDiffuse": [0.64,0.64,0.64],
        "visible": true,
        "wireframe": false,
        "shading": "phong",
        "depthTest": true,
        "DbgName": "flower",
        "colorAmbient": [0.64,0.64,0.64],
        "transparent": false,
        "DbgColor": 15658734,
        "colorEmissive": [0,0,0],
        "depthWrite": true,
        "blending": "NormalBlending",
        "DbgIndex": 0
    }],
    "vertices": [0.145015,0.265855,0.106989,0.173881,0.257058,-0.014987,-0.018411,0.011282,0.079561,0.359029,0.38656,0.152126,0.010456,0.002485,-0.042416,0.387895,0.377763,0.030149,0.30458,0.107952,-0.354221,-0.030802,-0.010776,-0.044895,0.384475,0.136235,-0.25674,0.049093,0.017508,0.052586,0.110114,0.124221,-0.199558,0.19001,0.152504,-0.102077,-0.138147,-0,-0.501524,-0.060518,0,0.00375,0.000296,-0,-0.522793,0.077925,-0,-0.01752,-0.099332,0.086998,-0.248887,0.03911,0.086998,-0.270157,-0.311474,0.286593,-0.266124,-0.037551,0.020222,0.034008,-0.231823,0.246366,-0.352667,0.0421,-0.020006,-0.052535,-0.155232,0.220786,-0.110461,-0.075581,0.180558,-0.197004,-0.379167,0.239069,0.239802,0.02015,0.007491,0.045713,-0.437562,0.227658,0.138905,-0.038245,-0.00392,-0.055184,-0.178431,0.189704,0.132562,-0.236826,0.178293,0.031666,0.146151,0.227716,0.39804,0.041304,-0.035382,-0.06147,0.00107,0.24199,0.42297,-0.103776,-0.021108,-0.03654,0.093727,0.175886,0.122641,-0.051353,0.19016,0.147571,0.349529,0.26899,0.261579,0.039559,-0.020618,-0.031811,0.26444,0.324748,0.344335,-0.045531,0.03514,0.050946,0.192131,0.247903,0.101588,0.107042,0.303661,0.184344,0.276574,0.028348,-0.015706,0.004948,-0.024424,-0.030125,0.271307,0.086773,0.055786,-0.00032,0.034001,0.041367,0.139264,0.078741,-0.031167,0.133996,0.137167,0.040324,0.288176,0.202897,-0.211111,-0.014172,0.014038,-0.04325,0.328366,0.175075,-0.113755,0.026018,-0.013784,0.054105,0.097005,0.153768,-0.048758,0.137196,0.125946,0.048598,-0.023732,0.084276,-0.255246,-0.029685,0.014197,-0.002725,0.044899,0.052961,-0.254756,0.038947,-0.017117,-0.002234,-0.022387,0.122566,-0.126243,0.046244,0.091251,-0.125753,-0.329219,0.39668,-0.078443,-0.014506,0.031914,0.038722,-0.304458,0.331732,-0.171189,0.010255,-0.033034,-0.054024,-0.15585,0.30986,-0.024269,-0.131089,0.244913,-0.117015,-0.044173,0.246695,0.306107,0.045219,-0.018231,-0.029956,-0.139756,0.214035,0.284022,-0.050364,-0.050891,-0.05204,-0.001457,0.215772,0.127163,-0.09704,0.183111,0.105078],
    "name": "Plane.018Geometry",
    "faces": [43,2,0,1,4,0,2,3,0,1,0,1,2,0,43,0,3,5,1,0,3,5,4,0,1,3,3,2,43,10,7,9,11,0,0,1,2,3,4,5,5,4,43,6,10,11,8,0,4,0,3,5,6,4,4,6,43,16,13,15,17,0,0,1,2,3,7,8,8,7,43,12,16,17,14,0,4,0,3,5,9,7,7,9,43,22,19,21,23,0,0,1,2,3,10,11,11,12,43,18,22,23,20,0,4,0,3,5,13,10,12,13,43,28,25,27,29,0,0,1,2,3,14,15,15,16,43,24,28,29,26,0,4,0,3,5,17,14,16,17,43,34,31,33,35,0,0,1,2,3,18,19,19,18,43,30,34,35,32,0,4,0,3,5,20,18,18,20,43,40,37,39,41,0,0,1,2,3,21,22,22,23,43,36,40,41,38,0,4,0,3,5,24,21,23,24,43,46,43,45,47,0,0,1,2,3,25,26,26,27,43,42,46,47,44,0,4,0,3,5,28,25,27,28,43,52,49,51,53,0,0,1,2,3,29,30,30,31,43,48,52,53,50,0,4,0,3,5,32,29,31,32,43,58,55,57,59,0,0,1,2,3,33,34,34,35,43,54,58,59,56,0,4,0,3,5,36,33,35,36,43,64,61,63,65,0,0,1,2,3,37,38,38,39,43,60,64,65,62,0,4,0,3,5,40,37,39,40,43,70,67,69,71,0,0,1,2,3,41,42,42,43,43,66,70,71,68,0,4,0,3,5,44,41,43,44],
    "uvs": [[0.235489,0.148408,0.235489,0.07999,0.277581,0.07999,0.277581,0.148408,0.235489,0.216825,0.277581,0.216825]],
    "metadata": {
        "normals": 45,
        "materials": 1,
        "type": "Geometry",
        "uvs": 1,
        "vertices": 72,
        "version": 3,
        "generator": "io_three",
        "faces": 24
    }
}