{
    "normals": [0.999969,0.007172,0,0.999969,0.007569,0,0.999878,0.014771,0,0.999878,-0.014985,0,0.999969,-0.007324,0,0.999969,-0.00763,0,-0.581622,0.812708,0.034059,-0.661336,0.487991,0.569597,-0.286172,0.770257,0.569903,-0.219672,0.938353,0.266823,0.212683,0.931089,0.296335,-0.34019,0.938444,-0.05945,0.181188,0.95294,0.242927,-0.606861,0.333964,0.721213,0.176489,0.667013,0.723777,0.055025,0.586657,0.807917,0.060884,0.769066,0.636219,0.113742,0.935972,0.33314,0,-0.007019,-0.999969,0,-0.007202,-0.999969,0,-0.009217,-0.999939,0,-0.005127,-0.999969,0,-0.005066,-0.999969],
    "materials": [{
        "specularCoef": 1,
        "colorSpecular": [0.1,0.1,0.1],
        "opacity": 1,
        "colorDiffuse": [0.64,0.64,0.64],
        "visible": true,
        "wireframe": false,
        "shading": "phong",
        "depthTest": true,
        "DbgName": "flower",
        "colorAmbient": [0.64,0.64,0.64],
        "transparent": false,
        "DbgColor": 15658734,
        "colorEmissive": [0,0,0],
        "depthWrite": true,
        "blending": "NormalBlending",
        "DbgIndex": 0
    }],
    "vertices": [-0.017251,8.1e-05,0.010466,-0.017251,8.1e-05,-0.064169,-0.017251,0.430216,-0.016987,-0.017251,0.430216,-0.091622,-0.015112,0.285589,0.000776,-0.015112,0.142749,-0.004068,-0.015112,0.142749,-0.078703,-0.015112,0.285589,-0.073858,0.043549,0.357348,0.081747,0.070538,0.436455,-0.05495,-0.113667,0.357564,0.050832,-0.086677,0.436671,-0.085865,0.012666,0.377957,0.070286,0.033253,0.438301,-0.033988,-0.10726,0.378122,0.046703,-0.086672,0.438466,-0.05757,-0.077458,0.403579,0.033216,-0.008404,0.403484,0.046795,0.003451,0.43823,-0.013247,-0.065603,0.438325,-0.026826,0.008446,-0.003117,-0.028245,-0.066189,-0.003117,-0.028245,-0.010871,0.431752,-0.031065,-0.085505,0.431752,-0.031065,0.00834,0.285573,-0.029716,0.009865,0.147546,-0.029019,-0.064769,0.147546,-0.029019,-0.066294,0.285573,-0.029716],
    "name": "Plane.022Geometry",
    "faces": [43,4,7,3,2,0,0,1,2,3,0,1,2,2,43,0,1,6,5,0,4,5,6,7,3,3,4,5,43,5,6,7,4,0,7,6,1,0,5,4,1,0,43,15,14,16,19,0,8,9,10,11,6,7,8,9,43,9,11,15,13,0,12,13,8,14,10,11,6,12,43,10,8,12,14,0,15,16,17,9,13,14,15,7,43,11,10,14,15,0,13,15,9,8,11,13,7,6,43,8,9,13,12,0,16,12,14,17,14,10,12,15,43,17,18,19,16,0,18,19,11,10,16,17,9,8,43,12,13,18,17,0,17,14,19,18,15,12,17,16,43,13,15,19,18,0,14,8,11,19,12,6,9,17,43,14,12,17,16,0,9,17,18,10,7,15,16,8,43,24,27,23,22,0,0,1,2,3,18,19,20,20,43,20,21,26,25,0,4,5,6,7,21,21,22,22,43,25,26,27,24,0,7,6,1,0,22,22,19,18],
    "uvs": [[0.607265,0.834819,0.620689,0.836783,0.617443,0.886069,0.604019,0.884106,0.613757,0.736246,0.627181,0.738209,0.623935,0.787496,0.610511,0.785533,0.47181,0.024138,0.578746,0.024414,0.553986,0.049913,0.492661,0.051763,0.44433,0.1641,0.449628,0.010671,0.467107,0.138313,0.596752,0.008731,0.602822,0.1641,0.584358,0.135754,0.553957,0.112991,0.493865,0.111028]],
    "metadata": {
        "normals": 23,
        "materials": 1,
        "type": "Geometry",
        "uvs": 1,
        "vertices": 28,
        "version": 3,
        "generator": "io_three",
        "faces": 15
    }
}