{
    "normals": [0,0.083804,0.99646,0,0.167028,0.985931,0,-0.184332,0.982849,0,-0.092563,0.995697,-0.319987,0.926847,-0.196204,-0.577349,0.77813,-0.247261,-0.628285,0.776452,0.048463,-0.380322,0.919706,0.097171,-0.589007,0.746452,-0.30958,-0.683493,0.725974,0.075747,-0.321268,0.93524,0.148534,-0.270638,0.930235,-0.247749],
    "materials": [{
        "specularCoef": 1,
        "colorSpecular": [0.1,0.1,0.1],
        "opacity": 1,
        "colorDiffuse": [0.64,0.64,0.64],
        "visible": true,
        "wireframe": false,
        "shading": "phong",
        "depthTest": true,
        "DbgName": "flower",
        "colorAmbient": [0.64,0.64,0.64],
        "transparent": false,
        "DbgColor": 15658734,
        "colorEmissive": [0,0,0],
        "depthWrite": true,
        "blending": "NormalBlending",
        "DbgIndex": 0
    }],
    "vertices": [-0.034089,8.1e-05,0.002254,0.040546,8.1e-05,0.002254,-0.034089,0.423756,0.002254,0.040546,0.423756,0.002254,-0.034089,0.275347,0.027397,-0.034089,0.134122,0.027397,0.040546,0.134122,0.027397,0.040546,0.275347,0.027397,-0.147875,0.385362,0.067309,0.024356,0.485033,0.101314,-0.108923,0.385634,-0.130775,0.063308,0.485305,-0.096769,-0.097536,0.39065,0.032171,0.006738,0.450994,0.052758,-0.073953,0.390815,-0.087755,0.030321,0.451159,-0.067167],
    "name": "Plane.021Geometry",
    "faces": [43,4,7,3,2,0,0,1,2,3,0,0,1,1,43,0,1,6,5,0,4,5,6,7,2,2,3,3,43,5,6,7,4,0,7,6,1,0,3,3,0,0,43,12,13,15,14,0,8,9,10,11,4,5,6,7,43,9,11,15,13,0,12,13,10,9,8,9,6,5,43,10,8,12,14,0,14,15,8,11,10,11,4,7,43,11,10,14,15,0,13,14,11,10,9,10,7,6,43,8,9,13,12,0,15,12,9,8,11,8,5,4],
    "uvs": [[0.607265,0.834819,0.620689,0.836783,0.617443,0.886069,0.604019,0.884106,0.613757,0.736246,0.627181,0.738209,0.623935,0.787496,0.610511,0.785533,0.573655,0.211473,0.571417,0.309007,0.473464,0.306645,0.475702,0.209112,0.606297,0.340561,0.444506,0.33666,0.448204,0.175562,0.609995,0.179462]],
    "metadata": {
        "normals": 12,
        "materials": 1,
        "type": "Geometry",
        "uvs": 1,
        "vertices": 16,
        "version": 3,
        "generator": "io_three",
        "faces": 8
    }
}