{
    "normals": [0.00296,0.994018,0.109012,0.032655,0.995941,0.083712,0.096347,0.804651,-0.585833,0.024812,0.818628,-0.573748,-0.035646,0.985748,0.164373,-0.001679,0.609149,0.793023,-0.02237,0.680105,0.732749,-0.050417,0.828486,-0.557695,-0.041017,0.739402,0.671957,-0.039155,0.994232,-0.099704,-0.045503,0.998901,-0.009583,0.138035,0.802972,0.57976,0.194128,0.811121,0.551683,-0.265084,0.666463,-0.696768,-0.055483,0.973937,-0.219825,-0.303995,0.597217,-0.74221,0.263527,0.816736,0.513291,-0.222694,0.731925,-0.643941,0.090884,0.993866,-0.062777,0.168126,0.978729,-0.117466,-0.618,0.738639,0.269143,-0.564898,0.763634,0.31254,0.694296,0.613483,-0.376171,0.074648,0.997192,-0.005066,0.733573,0.535813,-0.418012,-0.522874,0.779809,0.344157,0.660329,0.668416,-0.342235,0.064943,0.994354,0.083773,0.025025,0.999176,-0.031739,-0.325632,0.788049,-0.522416,-0.366161,0.793695,-0.485733,0.478561,0.641652,0.599353,0.146489,0.964263,0.22074,0.525224,0.572741,0.629322,-0.420118,0.797571,-0.432844,0.423231,0.711264,0.561174,-0.080721,0.993805,0.076113,-0.147984,0.979003,0.140019,0.564043,0.750359,-0.344676,0.501633,0.776116,-0.382061,-0.623371,0.628529,0.465072,-0.07123,0.997375,0.012635,-0.657033,0.551073,0.514328,0.453047,0.792352,-0.408551,-0.594317,0.682516,0.425306,-0.01764,0.99411,-0.106815,-0.044191,0.997559,-0.053835,-0.004883,0.806207,0.591571,0.061342,0.817621,0.572466,-0.091891,0.677419,-0.72982,0.005066,0.981475,-0.191504,-0.120823,0.607288,-0.785211,0.136021,0.825678,0.547441,-0.063356,0.739036,-0.670644],
    "materials": [{
        "specularCoef": 1,
        "colorSpecular": [0.1,0.1,0.1],
        "opacity": 1,
        "colorDiffuse": [0.64,0.64,0.64],
        "visible": true,
        "wireframe": false,
        "shading": "phong",
        "depthTest": true,
        "DbgName": "flower",
        "colorAmbient": [0.64,0.64,0.64],
        "transparent": false,
        "DbgColor": 15658734,
        "colorEmissive": [0,0,0],
        "depthWrite": true,
        "blending": "NormalBlending",
        "DbgIndex": 0
    }],
    "vertices": [-1.10951,0.019872,0.151558,0.656397,0.053396,0.231044,-1.10125,0.001599,-0.164327,0.634278,-0.112745,-0.204936,-0.360323,0.178426,0.031369,-0.347339,-0.018418,0.179161,-0.372422,0.011381,-0.314268,0.642457,0.154538,0.049298,-1.10427,0.190092,0.017371,0.926168,0.019872,-0.12127,-0.776936,0.053396,0.497041,0.990232,0.001599,0.183391,-0.656529,-0.112745,0.904352,0.238682,0.178426,0.287908,0.192631,-0.018418,0.151991,0.32895,0.011381,0.612954,-0.722239,0.154538,0.66498,0.951729,0.190092,0.008831,-0.067803,0.019872,1.28676,-1.08001,0.053396,-0.615874,-0.265022,0.001599,1.46779,-1.33207,-0.112745,-0.330796,-0.590904,0.178426,0.572002,-0.508752,-0.018418,0.469602,-0.794002,0.011381,0.792295,-1.18225,0.154538,-0.492077,-0.152622,0.190092,1.36184,-1.06103,0.019872,0.311834,0.460504,0.053396,-0.868325,-1.18333,0.001599,0.039644,0.26344,-0.112745,-1.22032,-0.478504,0.178426,-0.318626,-0.407075,-0.018418,-0.203178,-0.630148,0.011381,-0.601522,0.374375,0.154538,-1.01173,-1.11152,0.190092,0.194985,-0.18613,0.019872,-1.13571,1.0398,0.053396,0.535951,-0.012847,0.001599,-1.35498,1.25489,-0.112745,0.202665,0.415508,0.178426,-0.537027,0.346535,-0.018418,-0.419031,0.589932,0.011381,-0.796278,1.12607,0.154538,0.3927,-0.111275,0.190092,-1.22727,1.03919,0.019872,0.50075,-0.721521,0.053396,0.69551,1.05935,0.001599,0.815711,-0.660404,-0.112745,1.12502,0.30603,0.178426,0.736214,0.279865,-0.018418,0.591466,0.349083,0.011381,1.07756,-0.691357,0.154538,0.873826,1.04604,0.190092,0.634813,0.592869,0.019872,-0.085587,-1.16784,0.053396,0.109172,0.613031,0.001599,0.229373,-1.10672,-0.112745,0.53868,-0.140291,0.178426,0.149876,-0.166457,-0.018418,0.005128,-0.097238,0.011381,0.491224,-1.13768,0.154538,0.287488,0.599713,0.190092,0.048476],
    "name": "Plane.046Geometry.5",
    "faces": [43,4,7,3,6,0,0,1,2,3,0,1,2,3,43,8,0,5,4,0,5,6,4,0,4,5,6,0,43,4,6,2,8,0,0,3,7,5,0,3,7,4,43,5,1,7,4,0,4,8,1,0,6,8,1,0,43,13,16,12,15,0,0,1,2,3,9,10,11,12,43,14,13,17,9,0,4,0,5,6,13,9,14,15,43,13,15,11,17,0,0,3,7,5,9,12,16,14,43,14,10,16,13,0,4,8,1,0,13,17,10,9,43,22,25,21,24,0,0,1,2,3,18,19,20,21,43,23,22,26,18,0,4,0,5,6,22,18,23,24,43,22,24,20,26,0,0,3,7,5,18,21,25,23,43,23,19,25,22,0,4,8,1,0,22,26,19,18,43,31,34,30,33,0,0,1,2,3,27,28,29,30,43,32,31,35,27,0,4,0,5,6,31,27,32,33,43,31,33,29,35,0,0,3,7,5,27,30,34,32,43,32,28,34,31,0,4,8,1,0,31,35,28,27,43,40,43,39,42,0,0,1,2,3,36,37,38,39,43,41,40,44,36,0,4,0,5,6,40,36,41,42,43,40,42,38,44,0,0,3,7,5,36,39,43,41,43,41,37,43,40,0,4,8,1,0,40,44,37,36,43,49,52,48,51,0,0,1,2,3,45,46,47,48,43,50,49,53,45,0,4,0,5,6,49,45,50,51,43,49,51,47,53,0,0,3,7,5,45,48,52,50,43,50,46,52,49,0,4,8,1,0,49,53,46,45,43,58,61,57,60,0,0,1,2,3,45,46,47,48,43,59,58,62,54,0,4,0,5,6,49,45,50,51,43,58,60,56,62,0,0,3,7,5,45,48,52,50,43,59,55,61,58,0,4,8,1,0,49,53,46,45],
    "uvs": [[0.759133,0.930178,0.857452,0.930178,0.857452,0.963895,0.759133,0.963895,0.759133,0.896461,0.660813,0.930178,0.660813,0.896461,0.660813,0.963895,0.857452,0.896461]],
    "metadata": {
        "normals": 54,
        "materials": 1,
        "type": "Geometry",
        "uvs": 1,
        "vertices": 63,
        "version": 3,
        "generator": "io_three",
        "faces": 28
    }
}