{
    "normals": [0,0.948882,-0.315531,0,0.82992,0.557848,0,0.952696,-0.303873,-0.794977,0.566179,0.217719,-0.544176,0.807215,0.228523,-0.774194,0.593432,0.220008,0,0.342235,-0.939604,-0.940306,0.285714,0.18482,0.935423,0.304758,0.179052,0.941588,0.284371,0.180242,0.912656,0.369457,0.174688,-0.111545,0.842708,0.526627,0.025758,0.99823,-0.053072,-0.112217,0.840877,0.529435,0.95819,0.21952,0.183416,-0.206885,0.364544,0.907895,0.255196,0.948882,-0.185553,-0.451186,0.82992,0.328074,0.245766,0.952696,-0.178686,-0.643605,0.566179,-0.514939,-0.504868,0.807215,-0.305734,-0.633229,0.593432,-0.49678,0.759941,0.342235,-0.552538,-0.702445,0.285714,-0.651814,0.404981,0.306803,0.861293,0.407361,0.288858,0.866359,0.394421,0.375256,0.838801,-0.491531,0.842708,0.219459,0.058077,0.99823,-0.010376,-0.494217,0.840877,0.220557,0.415143,0.21952,0.88287,-0.855983,0.364544,0.366558,0.262673,0.929289,0.25956,-0.396802,0.82992,-0.392102,0.251991,0.935118,0.249001,0.427961,0.522843,-0.737175,0.219947,0.807215,-0.547716,0.411695,0.552507,-0.724693,0.691122,0.236488,0.682913,0.559374,0.186316,-0.807672,-0.466079,0.824671,0.320383,-0.572741,0.718986,0.393689,-0.034791,0.999084,0.023896,-0.32548,0.804407,-0.496933,0.019654,0.99823,0.055635,-0.327494,0.801538,-0.500198,-0.796686,0.255531,0.547655,-0.520768,0.23426,-0.820887,-0.256905,0.948912,0.183111,0.288766,0.934996,-0.205817,-0.251625,0.951048,0.179327,0.515793,0.740043,0.431562,0.32432,0.924406,0.200629,0.513871,0.74279,0.42909,-0.684164,0.542314,0.487625,0.642354,0.467208,0.607501,0.027436,0.997803,0.059816,-0.209723,0.864223,-0.457228,0.265847,0.770318,0.579547,0.411542,0.894162,-0.176305,-0.032868,0.99942,0.005524,0.414319,0.892636,-0.177435,-0.345866,0.558397,-0.75399,0.758293,0.570025,-0.316263,-0.045717,0.740043,0.670949,0.028443,0.924406,0.380322,-0.044862,0.74279,0.667989,-0.113559,0.467208,0.876797,0.384625,0.894162,0.229163,-0.023804,0.99942,-0.023316,0.387188,0.892636,0.23075,0.701712,0.570025,0.42729],
    "materials": [{
        "specularCoef": 1,
        "colorSpecular": [0.1,0.1,0.1],
        "opacity": 1,
        "colorDiffuse": [0.64,0.64,0.64],
        "visible": true,
        "wireframe": false,
        "shading": "phong",
        "depthTest": true,
        "DbgName": "flower",
        "colorAmbient": [0.64,0.64,0.64],
        "transparent": true,
        "DbgColor": 15658734,
        "colorEmissive": [0,0,0],
        "depthWrite": true,
        "blending": "NormalBlending",
        "DbgIndex": 0
    }],
    "vertices": [-0.228218,0.014139,0.012907,0.214146,0.014139,0.012907,-0.228218,0.742297,0.635697,0.214146,0.742297,0.635697,0.018697,-0.081621,0.223679,-0.042091,0.001208,-0.213647,0.509583,0.894946,0.164404,0.448795,0.977775,-0.272922,-0.236299,0.935379,0.348457,0.206064,0.935379,0.348457,0.247674,0.724716,0.142012,0.186887,0.807545,-0.295314,-0.056847,0.019747,0.211293,0.026322,0.019747,-0.223182,-0.502065,1.50338,0.381741,-0.418895,1.50338,-0.052733,0.199785,-0.03734,0.048324,-0.231007,-0.031563,-0.052172,0.319157,0.681454,-0.45825,-0.111636,0.687231,-0.558747,-0.311303,1.08975,0.25998,-0.228133,1.08975,-0.174495,0.26042,0.69501,-0.231918,-0.170373,0.700787,-0.332415,-0.11693,0.341345,-0.111448,0.075804,0.341345,0.153623,-0.490116,0.880814,0.159896,-0.297383,0.880814,0.424967,-0.135649,0.270399,0.128338,0.099919,0.331764,-0.098625,0.113743,0.993907,0.39666,0.349312,1.05527,0.169696,-0.321518,1.02386,0.029905,-0.128784,1.02386,0.294977,0.01305,0.867789,0.229964,0.248619,0.929155,0.003,-0.161142,0.345499,0.077675,0.135439,0.345499,-0.061785,-0.501593,1.58844,-0.160766,-0.205012,1.58844,-0.300225,0.048325,0.303205,0.160449,-0.079148,0.307486,-0.141474,0.403882,0.835738,0.011269,0.276409,0.840018,-0.290655,-0.301179,1.13823,-0.053587,-0.004598,1.13823,-0.193047,0.242669,0.845781,0.074683,0.115195,0.850061,-0.22724,0.0436,0.696109,-0.065862,-0.111282,0.696109,0.090881,-0.177073,1.28666,-0.283916,-0.331955,1.28666,-0.127174,-0.117533,0.648407,-0.052169,0.058708,0.689667,0.079411,-0.268402,1.3627,0.14252,-0.092161,1.40396,0.2741,-0.072466,1.38284,-0.18621,-0.227348,1.38284,-0.029467,-0.168767,1.2779,0.057558,0.007474,1.31916,0.189138,-0.086695,0.698902,-0.0746,0.038133,0.698902,0.10699,0.179254,1.38037,-0.371662,0.304081,1.38037,-0.190072,-0.118804,0.670466,0.073392,0.067636,0.673343,-0.044064,0.018896,1.25635,0.293053,0.205336,1.25923,0.175597,0.045716,1.37151,-0.195823,0.170544,1.37151,-0.014233,-0.040735,1.2631,0.192997,0.145705,1.26598,0.07554,0.09629,0.007978,0.169817,-0.160456,0.007978,-0.190415,0.603449,0.418845,-0.19165,0.346703,0.418845,-0.551881,0.12462,-0.046055,-0.153586,-0.196228,0.000681,0.149739,-0.208558,0.504978,-0.518927,-0.529406,0.551715,-0.215603,0.374231,0.527793,-0.018355,0.117484,0.527793,-0.378586,-0.074782,0.408925,-0.292651,-0.39563,0.455662,0.010674,0.15838,0.011142,-0.084879,-0.243699,0.011142,0.099561,0.489725,0.223807,0.194677,0.167907,0.223807,0.342301,-0.12328,-0.021069,-0.199277,0.044913,-0.017809,0.20986,-0.605084,0.384514,-0.00247,-0.43689,0.387774,0.406666,0.325383,0.356216,0.094075,-0.076696,0.356216,0.278515,-0.386683,0.392163,-0.086001,-0.218489,0.395423,0.323136,0.136564,0.152574,0.027439,-0.184984,0.1872,-0.032663,0.21032,0.560818,-0.331383,-0.111228,0.595443,-0.391485,0.133016,0.489655,-0.152635,-0.188531,0.524281,-0.212737,0.055935,0.171085,-0.141014,-0.115947,0.1735,0.138027,-0.271912,0.471569,-0.343972,-0.443794,0.473984,-0.064931,-0.126704,0.477236,-0.249497,-0.298585,0.479651,0.029545],
    "name": "Plane.019Geometry",
    "faces": [43,8,2,3,9,0,0,1,2,3,0,1,1,2,43,10,6,7,11,0,0,1,2,3,3,4,4,5,43,0,8,9,1,0,4,0,3,5,6,0,2,6,43,4,10,11,5,0,4,0,3,5,7,3,5,7,43,20,21,15,14,0,0,3,2,1,8,9,10,10,43,22,18,19,23,0,0,1,2,3,11,12,12,13,43,12,13,21,20,0,4,5,3,0,14,14,9,8,43,16,22,23,17,0,4,0,3,5,15,11,13,15,43,32,26,27,33,0,0,1,2,3,16,17,17,18,43,34,30,31,35,0,0,1,2,3,19,20,20,21,43,24,32,33,25,0,4,0,3,5,22,16,18,22,43,28,34,35,29,0,4,0,3,5,23,19,21,23,43,44,45,39,38,0,0,3,2,1,24,25,26,26,43,46,42,43,47,0,0,1,2,3,27,28,28,29,43,36,37,45,44,0,4,5,3,0,30,30,25,24,43,40,46,47,41,0,4,0,3,5,31,27,29,31,43,56,50,51,57,0,0,1,2,3,32,33,33,34,43,58,54,55,59,0,0,1,2,3,35,36,36,37,43,48,56,57,49,0,4,0,3,5,38,32,34,38,43,52,58,59,53,0,4,0,3,5,39,35,37,39,43,68,69,63,62,0,0,3,2,1,40,41,42,42,43,70,66,67,71,0,0,1,2,3,43,44,44,45,43,60,61,69,68,0,4,5,3,0,46,46,41,40,43,64,70,71,65,0,4,0,3,5,47,43,45,47,43,80,74,75,81,0,0,1,2,3,48,49,49,50,43,82,78,79,83,0,0,1,2,3,51,52,52,53,43,72,80,81,73,0,4,0,3,5,54,48,50,54,43,76,82,83,77,0,4,0,3,5,55,51,53,55,43,92,93,87,86,0,0,3,2,1,56,57,58,58,43,94,90,91,95,0,0,1,2,3,59,60,60,61,43,84,85,93,92,0,4,5,3,0,62,62,57,56,43,88,94,95,89,0,4,0,3,5,63,59,61,63,43,100,98,99,101,0,0,1,2,3,64,65,65,66,43,96,100,101,97,0,4,0,3,5,67,64,66,67,43,106,104,105,107,0,0,1,2,3,68,69,69,70,43,102,106,107,103,0,4,0,3,5,71,68,70,71],
    "uvs": [[0.704826,0.535919,0.704826,0.701655,0.819933,0.701655,0.819933,0.535919,0.704826,0.370183,0.819933,0.370183]],
    "metadata": {
        "normals": 72,
        "materials": 1,
        "type": "Geometry",
        "uvs": 1,
        "vertices": 108,
        "version": 3,
        "generator": "io_three",
        "faces": 36
    }
}