{
    "normals": [0,0,1,0,0,0.999969,0.999969,-0.003052,0,0.999664,-0.025239,0,0.999817,0.019074,0,0.707083,0.003479,0.707083,0.707083,0.003601,0.707083,0.706778,0.029176,0.706778,0.707083,-0.005036,-0.707083,0.707083,-0.005249,-0.707083,0.706473,-0.042268,-0.706473,0.706931,-0.022065,0.706931,0.706717,0.031953,-0.706717],
    "materials": [{
        "specularCoef": 1,
        "colorSpecular": [0.1,0.1,0.1],
        "opacity": 1,
        "colorDiffuse": [0.64,0.64,0.64],
        "visible": true,
        "wireframe": false,
        "shading": "phong",
        "depthTest": true,
        "DbgName": "flower",
        "colorAmbient": [0.64,0.64,0.64],
        "transparent": true,
        "DbgColor": 15658734,
        "colorEmissive": [0,0,0],
        "depthWrite": true,
        "blending": "NormalBlending",
        "DbgIndex": 0
    }],
    "vertices": [-0.938352,0.035126,0,0.962314,0.035126,0,-0.938352,4.05448,-0,0.962314,4.05448,-0,0.011981,0.027902,0.950333,0.011981,0.027901,-0.950333,0.011981,3.22053,0.950333,0.011981,3.22053,-0.950333,-0.973075,2.32382,-0,0.927591,2.32382,-0,-0.022742,1.84584,0.950333,-0.022742,1.84584,-0.950333,-0.669913,0.032807,0.64807,0.674061,0.032807,-0.695904,-0.669913,3.78675,0.64807,0.674061,3.78675,-0.695904,0.674061,0.026033,0.64807,-0.669913,0.026033,-0.695904,0.674061,3.00484,0.64807,-0.669913,3.00484,-0.695904,-0.674915,2.17036,0.719821,0.669058,2.17036,-0.624153,0.669058,1.72222,0.719821,-0.674915,1.72222,-0.624153],
    "name": "Plane.004Geometry",
    "faces": [43,8,9,3,2,0,0,1,2,3,0,1,0,1,43,10,11,7,6,0,0,1,2,3,2,2,3,3,43,0,1,9,8,0,4,5,1,0,0,0,1,0,43,4,5,11,10,0,4,5,1,0,4,4,2,2,43,20,21,15,14,0,0,1,2,3,5,6,7,7,43,22,23,19,18,0,0,1,2,3,8,9,10,10,43,12,13,21,20,0,4,5,1,0,11,11,6,5,43,16,17,23,22,0,4,5,1,0,12,12,9,8],
    "uvs": [[0.037814,0.543438,0.172984,0.543438,0.172984,0.668144,0.037814,0.668144,0.037814,0.418733,0.172984,0.418733]],
    "metadata": {
        "normals": 13,
        "materials": 1,
        "type": "Geometry",
        "uvs": 1,
        "vertices": 24,
        "version": 3,
        "generator": "io_three",
        "faces": 8
    }
}