{
    "normals": [0,0,0.999969,0,0,1,0.999969,-0.006012,0,0.998749,-0.049562,0,0.999268,0.037507,0,0.707083,0.006684,0.707083,0.707083,0.007202,0.707083,0.705924,0.057283,0.705924,0.707053,-0.009644,-0.707053,0.707053,-0.010468,-0.707053,0.704672,-0.082858,-0.704672,0.706412,-0.043336,0.706412,0.70571,0.062746,-0.70571],
    "materials": [{
        "specularCoef": 1,
        "colorSpecular": [0.1,0.1,0.1],
        "opacity": 1,
        "colorDiffuse": [0.64,0.64,0.64],
        "visible": true,
        "wireframe": false,
        "shading": "phong",
        "depthTest": true,
        "DbgName": "flower",
        "colorAmbient": [0.64,0.64,0.64],
        "transparent": true,
        "DbgColor": 15658734,
        "colorEmissive": [0,0,0],
        "depthWrite": true,
        "blending": "NormalBlending",
        "DbgIndex": 0
    }],
    "vertices": [-1.1068,0.021143,0,1.14139,0.021143,0,-1.1068,2.44042,-0,1.14139,2.44042,-0,0.017297,0.016794,1.1241,0.017297,0.016794,-1.1241,0.017297,1.93846,1.1241,0.017297,1.93846,-1.1241,-1.14787,1.39872,-0,1.10032,1.39872,-0,-0.023775,1.11102,1.1241,-0.023774,1.11102,-1.1241,-0.789277,0.019747,0.766567,0.800436,0.019747,-0.823147,-0.789278,2.27927,0.766566,0.800436,2.27927,-0.823147,0.800436,0.015669,0.766566,-0.789278,0.015669,-0.823147,0.800436,1.80863,0.766567,-0.789278,1.80863,-0.823147,-0.795195,1.30636,0.851437,0.794518,1.30636,-0.738276,0.794518,1.03661,0.851437,-0.795195,1.03661,-0.738276],
    "name": "Plane.005Geometry",
    "faces": [43,8,9,3,2,0,0,1,2,3,0,1,1,1,43,10,11,7,6,0,0,1,2,3,2,2,3,3,43,0,1,9,8,0,4,5,1,0,1,1,1,0,43,4,5,11,10,0,4,5,1,0,4,4,2,2,43,20,21,15,14,0,0,1,2,3,5,6,7,7,43,22,23,19,18,0,0,1,2,3,8,9,10,10,43,12,13,21,20,0,4,5,1,0,11,11,6,5,43,16,17,23,22,0,4,5,1,0,12,12,9,8],
    "uvs": [[0.20945,0.543438,0.44878,0.543438,0.44878,0.668144,0.20945,0.668144,0.20945,0.418733,0.44878,0.418733]],
    "metadata": {
        "normals": 13,
        "materials": 1,
        "type": "Geometry",
        "uvs": 1,
        "vertices": 24,
        "version": 3,
        "generator": "io_three",
        "faces": 8
    }
}