{
    "normals": [0,0,0.999969,0,0,1,0.999969,0.003815,0,0.997436,0.071352,0,0.997955,-0.063692,0,0.707083,0.005768,0.707083,0.707083,0.005585,0.707083,0.703085,0.106174,0.703085,0.707083,0.001343,-0.707083,0.707083,0.001556,-0.707083,0.706839,0.027284,-0.706839,0.703909,-0.094821,0.703909,0.70687,-0.024323,-0.70687],
    "materials": [{
        "specularCoef": 1,
        "colorSpecular": [0.1,0.1,0.1],
        "opacity": 1,
        "colorDiffuse": [0.64,0.64,0.64],
        "visible": true,
        "wireframe": false,
        "shading": "phong",
        "depthTest": true,
        "DbgName": "flower",
        "colorAmbient": [0.64,0.64,0.64],
        "transparent": true,
        "DbgColor": 15658734,
        "colorEmissive": [0,0,0],
        "depthWrite": true,
        "blending": "NormalBlending",
        "DbgIndex": 0
    }],
    "vertices": [-1.05363,0.026192,0,1.0503,0.026192,0,-1.05363,3.02323,-0,1.0503,3.02323,-0,-0.001664,0.026192,1.05196,-0.001664,0.026192,-1.05196,-0.001665,3.02323,1.05196,-0.001664,3.02323,-1.05196,-0.952535,1.61013,-0,1.15139,1.61013,-0,0.099426,1.61013,1.05196,0.099426,1.61013,-1.05196,-0.756479,0.026192,0.717374,0.731218,0.026192,-0.770323,-0.756479,3.02323,0.717374,0.731218,3.02323,-0.770324,0.731218,0.026192,0.717374,-0.756479,0.026192,-0.770323,0.731218,3.02323,0.717374,-0.75648,3.02323,-0.770324,-0.622491,1.61013,0.796798,0.865207,1.61013,-0.6909,0.865207,1.61013,0.796798,-0.622491,1.61013,-0.690899],
    "name": "PlaneGeometry",
    "faces": [43,8,9,3,2,0,0,1,2,3,0,1,1,1,43,10,11,7,6,0,0,1,2,3,2,2,3,3,43,0,1,9,8,0,4,5,1,0,1,1,1,0,43,4,5,11,10,0,4,5,1,0,4,4,2,2,43,20,21,15,14,0,0,1,2,3,5,6,7,7,43,22,23,19,18,0,0,1,2,3,8,9,10,10,43,12,13,21,20,0,4,5,1,0,11,11,6,5,43,16,17,23,22,0,4,5,1,0,12,12,9,8],
    "uvs": [[0.200937,0.861432,0.383326,0.861432,0.383326,0.992252,0.200937,0.992252,0.200937,0.730611,0.383326,0.730611]],
    "metadata": {
        "normals": 13,
        "materials": 1,
        "type": "Geometry",
        "uvs": 1,
        "vertices": 24,
        "version": 3,
        "generator": "io_three",
        "faces": 8
    }
}