{
    "normals": [0,0.952757,-0.303629,0,0.950804,0.309732,0,0.954466,-0.298288,-0.60744,0.778893,0.155919,-0.307932,0.942564,0.129307,-0.607379,0.778924,0.155919,0,0.600787,-0.799371,-0.835719,0.524003,0.164251,0.81811,0.553301,0.15659,0.84814,0.504257,0.162328,0.759301,0.634266,0.145329,-0.089114,0.908872,0.407392,0.012482,0.999573,-0.025758,-0.089755,0.907559,0.410138,0.890805,0.421094,0.170507,-0.172826,0.628376,0.758446,0.245582,0.952757,-0.178564,-0.250526,0.950804,0.182134,0.241249,0.954466,-0.17542,-0.483322,0.778893,-0.399579,-0.285684,0.942564,-0.173009,-0.483291,0.778924,-0.399548,0.646535,0.600787,-0.470107,-0.624317,0.524003,-0.579302,0.353862,0.555345,0.752556,0.365551,0.511765,0.777429,0.326548,0.641102,0.694479,-0.381909,0.908872,0.167486,0.028169,0.999573,-0.005036,-0.384503,0.907559,0.168584,0.385937,0.421094,0.820765,-0.715079,0.628376,0.306223,0.276742,0.921201,0.273446,-0.220313,0.950804,-0.217689,0.271004,0.924558,0.2678,0.359111,0.722434,-0.590808,0.124454,0.942564,-0.309946,0.362712,0.717307,-0.594867,0.635639,0.448775,0.628101,0.530198,0.364391,-0.765557,-0.380627,0.886929,0.261635,-0.481002,0.811945,0.330638,-0.016846,0.999786,0.011597,-0.27784,0.858547,-0.43083,0.009522,0.999573,0.026978,-0.280068,0.856044,-0.4344,-0.723441,0.478805,0.497299,-0.479659,0.445235,-0.756066,-0.187445,0.973113,0.13361,0.147221,0.98352,-0.104923,-0.185583,0.973662,0.132267,0.340556,0.893185,0.293527,0.166723,0.98056,0.103153,0.343272,0.891171,0.296548,-0.488907,0.799676,0.34846,0.491073,0.736961,0.4644,0.003906,0.999939,0.008515,-0.145329,0.937254,-0.316843,0.155217,0.928098,0.338389,0.268471,0.956481,-0.114048,-0.015931,0.999847,0.002686,0.270211,0.955901,-0.11478,-0.243599,0.811548,-0.531053,0.528489,0.819788,-0.220405,-0.037111,0.893185,0.448073,0.014618,0.98056,0.195502,-0.037965,0.891171,0.45204,-0.086825,0.736961,0.670278,0.25013,0.956481,0.15006,-0.011536,0.999847,-0.011292,0.251747,0.955901,0.151036,0.48909,0.819788,0.2978],
    "materials": [{
        "specularCoef": 1,
        "colorSpecular": [0.1,0.1,0.1],
        "opacity": 1,
        "colorDiffuse": [0.64,0.64,0.64],
        "visible": true,
        "wireframe": false,
        "shading": "phong",
        "depthTest": true,
        "DbgName": "flower",
        "colorAmbient": [0.64,0.64,0.64],
        "transparent": true,
        "DbgColor": 15658734,
        "colorEmissive": [0,0,0],
        "depthWrite": true,
        "blending": "NormalBlending",
        "DbgIndex": 0
    }],
    "vertices": [-0.494943,0.014139,0.010626,0.417827,0.014139,0.010626,-0.494943,0.742297,1.29569,0.417827,0.742297,1.29569,0.014539,-0.081621,0.445531,-0.11089,0.001208,-0.456844,1.02743,0.894946,0.323224,0.902001,0.977775,-0.579151,-0.511618,0.935379,0.702999,0.401152,0.935379,0.702999,0.48701,0.724716,0.277021,0.361581,0.807545,-0.625354,-0.141338,0.019747,0.419975,0.030274,0.019747,-0.476517,-1.06,1.50338,0.771677,-0.888386,1.50338,-0.124815,0.388196,-0.03734,0.083706,-0.500699,-0.031563,-0.123658,0.634507,0.681454,-0.961556,-0.254388,0.687231,-1.16892,-0.666379,1.08975,0.520435,-0.494768,1.08975,-0.376057,0.513308,0.69501,-0.494544,-0.375586,0.700787,-0.701908,-0.265312,0.341345,-0.245967,0.132373,0.341345,0.30098,-1.03534,0.880814,0.313922,-0.637657,0.880814,0.860869,-0.303938,0.270399,0.248807,0.182133,0.331764,-0.219509,0.210657,0.993907,0.80246,0.696728,1.05527,0.334144,-0.687458,1.02386,0.045701,-0.289773,1.02386,0.592648,0.002887,0.867789,0.458501,0.488958,0.929155,-0.009814,-0.356538,0.345499,0.144268,0.255425,0.345499,-0.143492,-1.05902,1.58844,-0.347728,-0.44706,1.58844,-0.635489,0.075673,0.303205,0.315065,-0.187354,0.307486,-0.307923,0.809327,0.835738,0.007247,0.5463,0.840018,-0.61574,-0.645491,1.13823,-0.126576,-0.033528,1.13823,-0.414337,0.476681,0.845781,0.138096,0.213654,0.850061,-0.484891,0.065925,0.696109,-0.151904,-0.253659,0.696109,0.171518,-0.389411,1.28666,-0.601836,-0.708995,1.28666,-0.278414,-0.266557,0.648407,-0.12365,0.097097,0.689667,0.14785,-0.577858,1.3627,0.278069,-0.214204,1.40396,0.54957,-0.173565,1.38284,-0.400229,-0.493149,1.38284,-0.076808,-0.372273,1.2779,0.10276,-0.008619,1.31916,0.37426,-0.202926,0.698902,-0.169935,0.054643,0.698902,0.204757,0.345831,1.38037,-0.782891,0.603399,1.38037,-0.4082,-0.269178,0.670466,0.135431,0.115521,0.673343,-0.106927,0.01495,1.25635,0.588679,0.399649,1.25923,0.34632,0.07029,1.37151,-0.420065,0.327859,1.37151,-0.045374,-0.108092,1.2631,0.382222,0.276607,1.26598,0.139863,0.174645,0.007978,0.334393,-0.355124,0.007978,-0.408906,1.22111,0.418845,-0.411454,0.691344,0.418845,-1.15475,0.233101,-0.046055,-0.332913,-0.428935,0.000681,0.292964,-0.454377,0.504978,-1.08676,-1.11641,0.551715,-0.460879,0.748145,0.527793,-0.053879,0.218376,0.527793,-0.797178,-0.178344,0.408925,-0.619859,-0.840379,0.455662,0.006019,0.30276,0.011142,-0.191144,-0.526886,0.011142,0.189428,0.986456,0.223807,0.38569,0.322419,0.223807,0.690295,-0.278415,-0.021069,-0.427192,0.068634,-0.017809,0.417018,-1.27256,0.384514,-0.021103,-0.925516,0.387774,0.823107,0.647352,0.356216,0.178108,-0.182294,0.356216,0.558681,-0.821919,0.392163,-0.19346,-0.47487,0.395423,0.65075,0.257745,0.152574,0.040612,-0.405734,0.1872,-0.083402,0.409932,0.560817,-0.699779,-0.253547,0.595443,-0.823793,0.250425,0.489655,-0.330952,-0.413054,0.524281,-0.454966,0.091375,0.171085,-0.306974,-0.263283,0.1735,0.268798,-0.585102,0.471569,-0.725756,-0.939761,0.473984,-0.149984,-0.28548,0.477236,-0.530815,-0.640139,0.479651,0.044957],
    "name": "Plane.006Geometry",
    "faces": [43,8,2,3,9,0,0,1,2,3,0,1,1,2,43,10,6,7,11,0,0,1,2,3,3,4,4,5,43,0,8,9,1,0,4,0,3,5,6,0,2,6,43,4,10,11,5,0,4,0,3,5,7,3,5,7,43,20,21,15,14,0,0,3,2,1,8,9,10,10,43,22,18,19,23,0,0,1,2,3,11,12,12,13,43,12,13,21,20,0,4,5,3,0,14,14,9,8,43,16,22,23,17,0,4,0,3,5,15,11,13,15,43,32,26,27,33,0,0,1,2,3,16,17,17,18,43,34,30,31,35,0,0,1,2,3,19,20,20,21,43,24,32,33,25,0,4,0,3,5,22,16,18,22,43,28,34,35,29,0,4,0,3,5,23,19,21,23,43,44,45,39,38,0,0,3,2,1,24,25,26,26,43,46,42,43,47,0,0,1,2,3,27,28,28,29,43,36,37,45,44,0,4,5,3,0,30,30,25,24,43,40,46,47,41,0,4,0,3,5,31,27,29,31,43,56,50,51,57,0,0,1,2,3,32,33,33,34,43,58,54,55,59,0,0,1,2,3,35,36,36,37,43,48,56,57,49,0,4,0,3,5,38,32,34,38,43,52,58,59,53,0,4,0,3,5,39,35,37,39,43,68,69,63,62,0,0,3,2,1,40,41,42,42,43,70,66,67,71,0,0,1,2,3,43,44,44,45,43,60,61,69,68,0,4,5,3,0,46,46,41,40,43,64,70,71,65,0,4,0,3,5,47,43,45,47,43,80,74,75,81,0,0,1,2,3,48,49,49,50,43,82,78,79,83,0,0,1,2,3,51,52,52,53,43,72,80,81,73,0,4,0,3,5,54,48,50,54,43,76,82,83,77,0,4,0,3,5,55,51,53,55,43,92,93,87,86,0,0,3,2,1,56,57,58,58,43,94,90,91,95,0,0,1,2,3,59,60,60,61,43,84,85,93,92,0,4,5,3,0,62,62,57,56,43,88,94,95,89,0,4,0,3,5,63,59,61,63,43,100,98,99,101,0,0,1,2,3,64,65,65,66,43,96,100,101,97,0,4,0,3,5,67,64,66,67,43,106,104,105,107,0,0,1,2,3,68,69,69,70,43,102,106,107,103,0,4,0,3,5,71,68,70,71],
    "uvs": [[0.451133,0.549285,0.451133,0.715021,0.690463,0.715021,0.690463,0.549285,0.451133,0.383549,0.690463,0.383549]],
    "metadata": {
        "normals": 72,
        "materials": 1,
        "type": "Geometry",
        "uvs": 1,
        "vertices": 108,
        "version": 3,
        "generator": "io_three",
        "faces": 36
    }
}