{
    "normals": [0,0,1,0.999969,-0.002441,0,0.999786,-0.020203,0,0.999878,0.015259,0,0.707083,0.002777,0.707083,0.707083,0.002869,0.707083,0.7069,0.023347,0.7069,0.707083,-0.004028,-0.707083,0.707083,-0.004181,-0.707083,0.706687,-0.033815,-0.706687,0.706992,-0.01764,0.706992,0.70687,0.025575,-0.70687],
    "materials": [{
        "specularCoef": 1,
        "colorSpecular": [0.1,0.1,0.1],
        "opacity": 1,
        "colorDiffuse": [0.64,0.64,0.64],
        "visible": true,
        "wireframe": false,
        "shading": "phong",
        "depthTest": true,
        "DbgName": "flower",
        "colorAmbient": [0.64,0.64,0.64],
        "transparent": true,
        "DbgColor": 15658734,
        "colorEmissive": [0,0,0],
        "depthWrite": true,
        "blending": "NormalBlending",
        "DbgIndex": 0
    }],
    "vertices": [-0.541186,0.025286,0,0.553436,0.025286,0,-0.541186,2.91863,-0,0.553436,2.91863,-0,0.006125,0.020085,0.547311,0.006126,0.020085,-0.547311,0.006125,2.31831,0.547311,0.006125,2.31831,-0.547311,-0.561183,1.67281,-0,0.533439,1.67281,-0,-0.013872,1.32873,0.547311,-0.013872,1.32873,-0.547311,-0.386587,0.023616,0.373233,0.387427,0.023616,-0.400781,-0.386587,2.7259,0.373233,0.387427,2.7259,-0.400782,0.387427,0.01874,0.373233,-0.386587,0.01874,-0.400781,0.387427,2.16304,0.373233,-0.386587,2.16304,-0.400782,-0.389468,1.56234,0.414556,0.384546,1.56234,-0.359459,0.384546,1.23974,0.414556,-0.389468,1.23974,-0.359459],
    "name": "Plane.003Geometry",
    "faces": [43,8,9,3,2,0,0,1,2,3,0,0,0,0,43,10,11,7,6,0,0,1,2,3,1,1,2,2,43,0,1,9,8,0,4,5,1,0,0,0,0,0,43,4,5,11,10,0,4,5,1,0,3,3,1,1,43,20,21,15,14,0,0,1,2,3,4,5,6,6,43,22,23,19,18,0,0,1,2,3,7,8,9,9,43,12,13,21,20,0,4,5,1,0,10,10,5,4,43,16,17,23,22,0,4,5,1,0,11,11,8,7],
    "uvs": [[0.537586,0.859552,0.650421,0.859552,0.650421,0.984258,0.537586,0.984258,0.537586,0.734846,0.650421,0.734846]],
    "metadata": {
        "normals": 12,
        "materials": 1,
        "type": "Geometry",
        "uvs": 1,
        "vertices": 24,
        "version": 3,
        "generator": "io_three",
        "faces": 8
    }
}