{
    "normals": [0,0,1,0,0,0.999969,0.999969,0.003632,0,0.997681,0.067843,0,0.998138,-0.060549,0,0.707083,0.005493,0.707083,0.707083,0.00531,0.707083,0.703482,0.100986,0.703482,0.707083,0.001282,-0.707083,0.707083,0.001465,-0.707083,0.706839,0.025941,-0.706839,0.704215,-0.090182,0.704215,0.7069,-0.023133,-0.7069],
    "materials": [{
        "specularCoef": 1,
        "colorSpecular": [0.1,0.1,0.1],
        "opacity": 1,
        "colorDiffuse": [0.64,0.64,0.64],
        "visible": true,
        "wireframe": false,
        "shading": "phong",
        "depthTest": true,
        "DbgName": "flower",
        "colorAmbient": [0.64,0.64,0.64],
        "transparent": false,
        "DbgColor": 15658734,
        "colorEmissive": [0,0,0],
        "depthWrite": true,
        "blending": "NormalBlending",
        "DbgIndex": 0
    }],
    "vertices": [-1.01969,0.026698,0.000326,1.01896,0.026698,0.000326,-1.01969,3.08166,0.000325,1.01896,3.08166,0.000325,-0.000363,0.026698,1.01965,-0.000363,0.026698,-1.019,-0.000364,3.08166,1.01965,-0.000363,3.08166,-1.019,-0.921736,1.64125,0.000326,1.11692,1.64125,0.000326,0.097591,1.64125,1.01965,0.097591,1.64125,-1.019,-0.731762,0.026698,0.695446,0.709784,0.026698,-0.746101,-0.731763,3.08166,0.695445,0.709784,3.08166,-0.746101,0.709784,0.026698,0.695445,-0.731763,0.026698,-0.746101,0.709784,3.08166,0.695445,-0.731763,3.08166,-0.746101,-0.60193,1.64125,0.772406,0.839616,1.64125,-0.669141,0.839616,1.64125,0.772406,-0.60193,1.64125,-0.669141],
    "name": "Plane.001Geometry.10",
    "faces": [43,8,9,3,2,0,0,1,2,3,0,1,1,0,43,10,11,7,6,0,0,1,2,3,2,2,3,3,43,0,1,9,8,0,4,5,1,0,1,0,1,0,43,4,5,11,10,0,4,5,1,0,4,4,2,2,43,20,21,15,14,0,0,1,2,3,5,6,7,7,43,22,23,19,18,0,0,1,2,3,8,9,10,10,43,12,13,21,20,0,4,5,1,0,11,11,6,5,43,16,17,23,22,0,4,5,1,0,12,12,9,8],
    "uvs": [[0.024666,0.860308,0.188914,0.860308,0.188914,0.983373,0.024666,0.983373,0.024666,0.737244,0.188914,0.737244]],
    "metadata": {
        "normals": 13,
        "materials": 1,
        "type": "Geometry",
        "uvs": 1,
        "vertices": 24,
        "version": 3,
        "generator": "io_three",
        "faces": 8
    }
}