{
    "normals": [0,0,1,0.999969,-0.003174,0,0.999634,-0.026154,0,0.999786,0.019776,0,-0.707083,0.004212,-0.707083,-0.707083,0.004425,-0.707083,-0.706656,0.035554,-0.706656,0.707083,-0.004852,-0.707083,0.707083,-0.005066,-0.707083,0.706504,-0.040864,-0.706504,-0.706839,-0.026887,-0.706839,0.706748,0.030915,-0.706748],
    "materials": [{
        "specularCoef": 1,
        "colorSpecular": [0.1,0.1,0.1],
        "opacity": 1,
        "colorDiffuse": [0.64,0.64,0.64],
        "visible": true,
        "wireframe": false,
        "shading": "phong",
        "depthTest": true,
        "DbgName": "flower",
        "colorAmbient": [0.64,0.64,0.64],
        "transparent": true,
        "DbgColor": 15658734,
        "colorEmissive": [0,0,0],
        "depthWrite": true,
        "blending": "NormalBlending",
        "DbgIndex": 0
    }],
    "vertices": [-0.73278,0.020994,0,0.749368,0.020994,0,-0.73278,2.42328,-0,0.749368,2.42328,-0,0.008294,0.020994,0.50696,0.008294,0.020994,-0.975187,0.008294,2.42328,0.50696,0.008294,2.42328,-0.975187,-0.759857,1.3889,-0,0.722291,1.3889,-0,-0.018783,1.3889,0.50696,-0.018783,1.3889,-0.975187,0.72402,0.020994,-0.728782,-0.324016,0.020994,0.319254,0.724021,2.42328,-0.728782,-0.324016,2.42328,0.319254,0.478301,0.011776,0.426615,-0.569736,0.011776,-0.621421,0.478301,2.41406,0.426615,-0.569736,2.41406,-0.621421,0.727921,1.3889,-0.784734,-0.320115,1.3889,0.263303,0.4744,1.37968,0.482567,-0.573636,1.37968,-0.565469],
    "name": "Plane.002Geometry",
    "faces": [43,8,9,3,2,0,0,1,2,3,0,0,0,0,43,10,11,7,6,0,0,1,2,3,1,1,2,2,43,0,1,9,8,0,4,5,1,0,0,0,0,0,43,4,5,11,10,0,4,5,1,0,3,3,1,1,43,20,21,15,14,0,0,1,2,3,4,5,6,6,43,22,23,19,18,0,0,1,2,3,7,8,9,9,43,12,13,21,20,0,4,5,1,0,10,10,5,4,43,16,17,23,22,0,4,5,1,0,11,11,8,7],
    "uvs": [[0.400602,0.853316,0.528509,0.853316,0.528509,0.972592,0.400602,0.972592,0.400602,0.734039,0.528509,0.734039]],
    "metadata": {
        "normals": 12,
        "materials": 1,
        "type": "Geometry",
        "uvs": 1,
        "vertices": 24,
        "version": 3,
        "generator": "io_three",
        "faces": 8
    }
}